IdContatore;Edificio;Data;Valore;Stato
2001;Scuola Primaria Dante Alighieri;2025-01-01;156,3;OK
2002;Scuola Primaria Dante Alighieri;2025-01-01;99,8;OK
2003;Palazzo Comunale – Piazza Libertà;2025-01-01;308,6;OK
2004;Palazzo Comunale – Piazza Libertà;2025-01-01;125,0;OK
2005;Biblioteca Civica;2025-01-01;132,0;OK
2006;Asilo Nido Girotondo;2025-01-01;80,8;OK
2007;Asilo Nido Girotondo;2025-01-01;68,1;OK
2008;Piscina Comunale;2025-01-01;1.282,4;OK
2009;Piscina Comunale;2025-01-01;321,6;OK
2010;Centro Sportivo Città di Lodi;2025-01-01;273,7;OK
2001;Scuola Primaria Dante Alighieri;2025-01-02;184,7;OK
2002;Scuola Primaria Dante Alighieri;2025-01-02;88,5;OK
2003;Palazzo Comunale – Piazza Libertà;2025-01-02;297,5;OK
2004;Palazzo Comunale – Piazza Libertà;2025-01-02;150,9;STIMA
2005;Biblioteca Civica;2025-01-02;133,7;ERR
2006;Asilo Nido Girotondo;2025-01-02;83,3;OK
2007;Asilo Nido Girotondo;2025-01-02;55,3;OK
2008;Piscina Comunale;2025-01-02;1.313,7;OK
2009;Piscina Comunale;2025-01-02;326,9;OK
2010;Centro Sportivo Città di Lodi;2025-01-02;260,8;OK
2001;Scuola Primaria Dante Alighieri;2025-01-03;163,9;OK
2002;Scuola Primaria Dante Alighieri;2025-01-03;93,7;OK
2003;Palazzo Comunale – Piazza Libertà;2025-01-03;324,6;STIMA
2004;Palazzo Comunale – Piazza Libertà;2025-01-03;138,4;OK
2005;Biblioteca Civica;2025-01-03;124,2;OK
2006;Asilo Nido Girotondo;2025-01-03;79,2;OK
2007;Asilo Nido Girotondo;2025-01-03;60,8;OK
2008;Piscina Comunale;2025-01-03;1.336,1;OK
2009;Piscina Comunale;2025-01-03;297,9;OK
2010;Centro Sportivo Città di Lodi;2025-01-03;253,5;OK
2001;Scuola Primaria Dante Alighieri;2025-01-04;91,1;OK
2002;Scuola Primaria Dante Alighieri;2025-01-04;93,0;OK
2003;Palazzo Comunale – Piazza Libertà;2025-01-04;187,5;OK
2004;Palazzo Comunale – Piazza Libertà;2025-01-04;156,1;OK
2005;Biblioteca Civica;2025-01-04;75,9;OK
2006;Asilo Nido Girotondo;2025-01-04;41,0;OK
2007;Asilo Nido Girotondo;2025-01-04;54,7;OK
2008;Piscina Comunale;2025-01-04;779,0;ERR
2009;Piscina Comunale;2025-01-04;311,9;OK
2010;Centro Sportivo Città di Lodi;2025-01-04;155,6;OK
2001;Scuola Primaria Dante Alighieri;2025-01-05;88,7;OK
2002;Scuola Primaria Dante Alighieri;2025-01-05;83,6;OK
2003;Palazzo Comunale – Piazza Libertà;2025-01-05;179,8;OK
2004;Palazzo Comunale – Piazza Libertà;2025-01-05;135,7;OK
2005;Biblioteca Civica;2025-01-05;59,8;OK
2006;Asilo Nido Girotondo;2025-01-05;41,0;OK
2007;Asilo Nido Girotondo;2025-01-05;60,0;OK
2008;Piscina Comunale;2025-01-05;786,8;OK
2009;Piscina Comunale;2025-01-05;338,0;OK
2010;Centro Sportivo Città di Lodi;2025-01-05;164,1;OK
2001;Scuola Primaria Dante Alighieri;2025-01-06;173,6;OK
2002;Scuola Primaria Dante Alighieri;2025-01-06;77,1;OK
2003;Palazzo Comunale – Piazza Libertà;2025-01-06;294,0;OK
2004;Palazzo Comunale – Piazza Libertà;2025-01-06;139,0;OK
2005;Biblioteca Civica;2025-01-06;113,5;OK
2006;Asilo Nido Girotondo;2025-01-06;80,9;OK
2007;Asilo Nido Girotondo;2025-01-06;51,7;OK
2008;Piscina Comunale;2025-01-06;1.370,8;OK
2009;Piscina Comunale;2025-01-06;292,9;OK
2010;Centro Sportivo Città di Lodi;2025-01-06;255,1;OK
2001;Scuola Primaria Dante Alighieri;2025-01-07;180,2;OK
2002;Scuola Primaria Dante Alighieri;2025-01-07;80,4;OK
2003;Palazzo Comunale – Piazza Libertà;2025-01-07;277,4;OK
2004;Palazzo Comunale – Piazza Libertà;2025-01-07;136,4;STIMA
2005;Biblioteca Civica;2025-01-07;127,6;OK
2006;Asilo Nido Girotondo;2025-01-07;92,2;OK
2007;Asilo Nido Girotondo;2025-01-07;60,6;OK
2008;Piscina Comunale;2025-01-07;1.294,1;OK
2009;Piscina Comunale;2025-01-07;301,8;OK
2010;Centro Sportivo Città di Lodi;2025-01-07;266,3;OK
2001;Scuola Primaria Dante Alighieri;2025-01-08;174,8;OK
2002;Scuola Primaria Dante Alighieri;2025-01-08;92,4;OK
2003;Palazzo Comunale – Piazza Libertà;2025-01-08;310,7;OK
2004;Palazzo Comunale – Piazza Libertà;2025-01-08;121,5;OK
2005;Biblioteca Civica;2025-01-08;115,1;STIMA
2006;Asilo Nido Girotondo;2025-01-08;84,0;OK
2007;Asilo Nido Girotondo;2025-01-08;60,8;OK
2008;Piscina Comunale;2025-01-08;1.376,3;OK
2009;Piscina Comunale;2025-01-08;311,9;OK
2010;Centro Sportivo Città di Lodi;2025-01-08;268,7;STIMA
2001;Scuola Primaria Dante Alighieri;2025-01-09;171,6;OK
2002;Scuola Primaria Dante Alighieri;2025-01-09;95,5;OK
2003;Palazzo Comunale – Piazza Libertà;2025-01-09;286,1;OK
2004;Palazzo Comunale – Piazza Libertà;2025-01-09;149,5;OK
2005;Biblioteca Civica;2025-01-09;127,0;OK
2006;Asilo Nido Girotondo;2025-01-09;79,9;OK
2007;Asilo Nido Girotondo;2025-01-09;64,4;OK
2008;Piscina Comunale;2025-01-09;1.306,8;OK
2009;Piscina Comunale;2025-01-09;355,2;OK
2010;Centro Sportivo Città di Lodi;2025-01-09;247,3;OK
2001;Scuola Primaria Dante Alighieri;2025-01-10;176,5;OK
2002;Scuola Primaria Dante Alighieri;2025-01-10;97,0;OK
2003;Palazzo Comunale – Piazza Libertà;2025-01-10;299,8;OK
2004;Palazzo Comunale – Piazza Libertà;2025-01-10;119,4;OK
2005;Biblioteca Civica;2025-01-10;132,2;OK
2006;Asilo Nido Girotondo;2025-01-10;86,1;OK
2007;Asilo Nido Girotondo;2025-01-10;55,3;STIMA
2008;Piscina Comunale;2025-01-10;1.397,1;OK
2009;Piscina Comunale;2025-01-10;322,5;OK
2010;Centro Sportivo Città di Lodi;2025-01-10;252,0;OK
2001;Scuola Primaria Dante Alighieri;2025-01-11;82,1;OK
2002;Scuola Primaria Dante Alighieri;2025-01-11;86,6;OK
2003;Palazzo Comunale – Piazza Libertà;2025-01-11;146,1;OK
2004;Palazzo Comunale – Piazza Libertà;2025-01-11;157,2;OK
2005;Biblioteca Civica;2025-01-11;58,8;OK
2006;Asilo Nido Girotondo;2025-01-11;44,2;OK
2007;Asilo Nido Girotondo;2025-01-11;65,6;OK
2008;Piscina Comunale;2025-01-11;807,9;OK
2009;Piscina Comunale;2025-01-11;299,2;OK
2010;Centro Sportivo Città di Lodi;2025-01-11;135,4;STIMA
2001;Scuola Primaria Dante Alighieri;2025-01-12;92,2;OK
2002;Scuola Primaria Dante Alighieri;2025-01-12;83,6;OK
2003;Palazzo Comunale – Piazza Libertà;2025-01-12;180,4;STIMA
2004;Palazzo Comunale – Piazza Libertà;2025-01-12;148,6;ERR
2005;Biblioteca Civica;2025-01-12;56,8;OK
2006;Asilo Nido Girotondo;2025-01-12;46,7;OK
2007;Asilo Nido Girotondo;2025-01-12;61,5;STIMA
2008;Piscina Comunale;2025-01-12;805,0;OK
2009;Piscina Comunale;2025-01-12;324,2;ERR
2010;Centro Sportivo Città di Lodi;2025-01-12;157,2;OK
2001;Scuola Primaria Dante Alighieri;2025-01-13;175,3;STIMA
2002;Scuola Primaria Dante Alighieri;2025-01-13;85,8;OK
2003;Palazzo Comunale – Piazza Libertà;2025-01-13;319,9;OK
2004;Palazzo Comunale – Piazza Libertà;2025-01-13;128,1;OK
2005;Biblioteca Civica;2025-01-13;126,2;OK
2006;Asilo Nido Girotondo;2025-01-13;93,7;ERR
2007;Asilo Nido Girotondo;2025-01-13;52,0;OK
2008;Piscina Comunale;2025-01-13;1.315,9;OK
2009;Piscina Comunale;2025-01-13;312,7;ERR
2010;Centro Sportivo Città di Lodi;2025-01-13;271,3;OK
2001;Scuola Primaria Dante Alighieri;2025-01-14;156,6;STIMA
2002;Scuola Primaria Dante Alighieri;2025-01-14;97,5;STIMA
2003;Palazzo Comunale – Piazza Libertà;2025-01-14;308,1;OK
2004;Palazzo Comunale – Piazza Libertà;2025-01-14;149,8;OK
2005;Biblioteca Civica;2025-01-14;125,2;OK
2006;Asilo Nido Girotondo;2025-01-14;87,9;OK
2007;Asilo Nido Girotondo;2025-01-14;67,4;OK
2008;Piscina Comunale;2025-01-14;1.409,4;OK
2009;Piscina Comunale;2025-01-14;350,0;OK
2010;Centro Sportivo Città di Lodi;2025-01-14;261,2;OK
2001;Scuola Primaria Dante Alighieri;2025-01-15;187,2;OK
2002;Scuola Primaria Dante Alighieri;2025-01-15;85,4;OK
2003;Palazzo Comunale – Piazza Libertà;2025-01-15;316,6;OK
2004;Palazzo Comunale – Piazza Libertà;2025-01-15;154,6;OK
2005;Biblioteca Civica;2025-01-15;122,5;OK
2006;Asilo Nido Girotondo;2025-01-15;85,3;OK
2007;Asilo Nido Girotondo;2025-01-15;66,7;OK
2008;Piscina Comunale;2025-01-15;1.369,9;OK
2009;Piscina Comunale;2025-01-15;306,2;OK
2010;Centro Sportivo Città di Lodi;2025-01-15;274,9;OK
2001;Scuola Primaria Dante Alighieri;2025-01-16;;OK
2002;Scuola Primaria Dante Alighieri;2025-01-16;86,6;ERR
2003;Palazzo Comunale – Piazza Libertà;2025-01-16;287,0;OK
2004;Palazzo Comunale – Piazza Libertà;2025-01-16;142,7;OK
2005;Biblioteca Civica;2025-01-16;124,6;OK
2006;Asilo Nido Girotondo;2025-01-16;82,2;OK
2007;Asilo Nido Girotondo;2025-01-16;60,4;OK
2008;Piscina Comunale;2025-01-16;1.305,2;OK
2009;Piscina Comunale;2025-01-16;331,6;OK
2010;Centro Sportivo Città di Lodi;2025-01-16;250,1;OK
2001;Scuola Primaria Dante Alighieri;2025-01-17;175,2;OK
2002;Scuola Primaria Dante Alighieri;2025-01-17;101,4;OK
2003;Palazzo Comunale – Piazza Libertà;2025-01-17;297,4;OK
2004;Palazzo Comunale – Piazza Libertà;2025-01-17;142,6;OK
2005;Biblioteca Civica;2025-01-17;119,9;OK
2006;Asilo Nido Girotondo;2025-01-17;92,3;OK
2007;Asilo Nido Girotondo;2025-01-17;63,0;OK
2008;Piscina Comunale;2025-01-17;1.398,5;STIMA
2009;Piscina Comunale;2025-01-17;357,4;OK
2010;Centro Sportivo Città di Lodi;2025-01-17;268,2;OK
2001;Scuola Primaria Dante Alighieri;2025-01-18;85,2;OK
2002;Scuola Primaria Dante Alighieri;2025-01-18;88,8;OK
2003;Palazzo Comunale – Piazza Libertà;2025-01-18;164,1;OK
2004;Palazzo Comunale – Piazza Libertà;2025-01-18;136,2;OK
2005;Biblioteca Civica;2025-01-18;79,0;OK
2006;Asilo Nido Girotondo;2025-01-18;53,5;OK
2007;Asilo Nido Girotondo;2025-01-18;56,8;OK
2008;Piscina Comunale;2025-01-18;705,5;OK
2009;Piscina Comunale;2025-01-18;330,8;OK
2010;Centro Sportivo Città di Lodi;2025-01-18;130,5;OK
2001;Scuola Primaria Dante Alighieri;2025-01-19;101,1;STIMA
2002;Scuola Primaria Dante Alighieri;2025-01-19;87,0;OK
2003;Palazzo Comunale – Piazza Libertà;2025-01-19;171,3;OK
2004;Palazzo Comunale – Piazza Libertà;2025-01-19;124,3;OK
2005;Biblioteca Civica;2025-01-19;64,2;OK
2006;Asilo Nido Girotondo;2025-01-19;55,1;OK
2007;Asilo Nido Girotondo;2025-01-19;60,6;OK
2008;Piscina Comunale;2025-01-19;708,2;OK
2009;Piscina Comunale;2025-01-19;358,9;OK
2010;Centro Sportivo Città di Lodi;2025-01-19;170,3;OK
2001;Scuola Primaria Dante Alighieri;2025-01-20;172,9;OK
2002;Scuola Primaria Dante Alighieri;2025-01-20;82,2;OK
2003;Palazzo Comunale – Piazza Libertà;2025-01-20;286,4;OK
2004;Palazzo Comunale – Piazza Libertà;2025-01-20;118,9;OK
2005;Biblioteca Civica;2025-01-20;135,0;OK
2006;Asilo Nido Girotondo;2025-01-20;90,4;OK
2007;Asilo Nido Girotondo;2025-01-20;52,9;OK
2008;Piscina Comunale;2025-01-20;1.361,0;OK
2009;Piscina Comunale;2025-01-20;299,0;OK
2010;Centro Sportivo Città di Lodi;2025-01-20;256,4;OK
2001;Scuola Primaria Dante Alighieri;2025-01-21;175,2;OK
2002;Scuola Primaria Dante Alighieri;2025-01-21;85,4;OK
2003;Palazzo Comunale – Piazza Libertà;2025-01-21;313,4;OK
2004;Palazzo Comunale – Piazza Libertà;2025-01-21;126,7;ERR
2005;Biblioteca Civica;2025-01-21;132,8;OK
2006;Asilo Nido Girotondo;2025-01-21;89,6;OK
2007;Asilo Nido Girotondo;2025-01-21;55,9;OK
2008;Piscina Comunale;2025-01-21;1.318,8;OK
2009;Piscina Comunale;2025-01-21;348,9;OK
2010;Centro Sportivo Città di Lodi;2025-01-21;246,6;OK
2001;Scuola Primaria Dante Alighieri;2025-01-22;164,9;OK
2002;Scuola Primaria Dante Alighieri;2025-01-22;99,8;STIMA
2003;Palazzo Comunale – Piazza Libertà;2025-01-22;326,3;OK
2004;Palazzo Comunale – Piazza Libertà;2025-01-22;143,4;OK
2005;Biblioteca Civica;2025-01-22;127,9;OK
2006;Asilo Nido Girotondo;2025-01-22;85,6;OK
2007;Asilo Nido Girotondo;2025-01-22;67,4;OK
2008;Piscina Comunale;2025-01-22;1.403,2;OK
2009;Piscina Comunale;2025-01-22;318,2;OK
2010;Centro Sportivo Città di Lodi;2025-01-22;253,6;OK
2001;Scuola Primaria Dante Alighieri;2025-01-23;168,3;STIMA
2002;Scuola Primaria Dante Alighieri;2025-01-23;92,6;OK
2003;Palazzo Comunale – Piazza Libertà;2025-01-23;298,8;OK
2004;Palazzo Comunale – Piazza Libertà;2025-01-23;160,1;OK
2005;Biblioteca Civica;2025-01-23;118,5;OK
2006;Asilo Nido Girotondo;2025-01-23;93,5;OK
2007;Asilo Nido Girotondo;2025-01-23;57,2;STIMA
2008;Piscina Comunale;2025-01-23;1.429,1;OK
2009;Piscina Comunale;2025-01-23;350,2;OK
2010;Centro Sportivo Città di Lodi;2025-01-23;258,6;OK
2001;Scuola Primaria Dante Alighieri;2025-01-24;163,7;STIMA
2002;Scuola Primaria Dante Alighieri;2025-01-24;76,8;OK
2003;Palazzo Comunale – Piazza Libertà;2025-01-24;317,1;STIMA
2004;Palazzo Comunale – Piazza Libertà;2025-01-24;138,5;OK
2005;Biblioteca Civica;2025-01-24;117,5;OK
2006;Asilo Nido Girotondo;2025-01-24;92,1;OK
2007;Asilo Nido Girotondo;2025-01-24;51,4;OK
2008;Piscina Comunale;2025-01-24;1.431,2;OK
2009;Piscina Comunale;2025-01-24;283,7;OK
2010;Centro Sportivo Città di Lodi;2025-01-24;240,5;OK
2001;Scuola Primaria Dante Alighieri;2025-01-25;102,8;OK
2002;Scuola Primaria Dante Alighieri;2025-01-25;78,8;OK
2003;Palazzo Comunale – Piazza Libertà;2025-01-25;183,4;OK
2004;Palazzo Comunale – Piazza Libertà;2025-01-25;125,3;OK
2005;Biblioteca Civica;2025-01-25;69,5;STIMA
2006;Asilo Nido Girotondo;2025-01-25;42,8;STIMA
2007;Asilo Nido Girotondo;2025-01-25;57,0;OK
2008;Piscina Comunale;2025-01-25;687,0;OK
2009;Piscina Comunale;2025-01-25;317,4;OK
2010;Centro Sportivo Città di Lodi;2025-01-25;141,7;OK
2001;Scuola Primaria Dante Alighieri;2025-01-26;102,4;OK
2002;Scuola Primaria Dante Alighieri;2025-01-26;90,4;OK
2003;Palazzo Comunale – Piazza Libertà;2025-01-26;189,2;OK
2004;Palazzo Comunale – Piazza Libertà;2025-01-26;131,7;OK
2005;Biblioteca Civica;2025-01-26;79,4;OK
2006;Asilo Nido Girotondo;2025-01-26;53,9;OK
2007;Asilo Nido Girotondo;2025-01-26;56,5;OK
2008;Piscina Comunale;2025-01-26;758,4;OK
2009;Piscina Comunale;2025-01-26;277,5;OK
2010;Centro Sportivo Città di Lodi;2025-01-26;126,7;OK
2001;Scuola Primaria Dante Alighieri;2025-01-27;176,8;OK
2002;Scuola Primaria Dante Alighieri;2025-01-27;82,9;OK
2003;Palazzo Comunale – Piazza Libertà;2025-01-27;326,6;OK
2004;Palazzo Comunale – Piazza Libertà;2025-01-27;156,8;OK
2005;Biblioteca Civica;2025-01-27;122,8;OK
2006;Asilo Nido Girotondo;2025-01-27;89,7;OK
2007;Asilo Nido Girotondo;2025-01-27;60,8;OK
2008;Piscina Comunale;2025-01-27;1.355,4;OK
2009;Piscina Comunale;2025-01-27;291,1;OK
2010;Centro Sportivo Città di Lodi;2025-01-27;283,5;OK
2001;Scuola Primaria Dante Alighieri;2025-01-28;174,6;OK
2002;Scuola Primaria Dante Alighieri;2025-01-28;84,3;OK
2003;Palazzo Comunale – Piazza Libertà;2025-01-28;326,5;OK
2004;Palazzo Comunale – Piazza Libertà;2025-01-28;120,7;OK
2005;Biblioteca Civica;2025-01-28;114,7;OK
2006;Asilo Nido Girotondo;2025-01-28;79,6;OK
2007;Asilo Nido Girotondo;2025-01-28;59,4;OK
2008;Piscina Comunale;2025-01-28;1.297,7;OK
2009;Piscina Comunale;2025-01-28;294,0;OK
2010;Centro Sportivo Città di Lodi;2025-01-28;245,1;OK
2001;Scuola Primaria Dante Alighieri;2025-01-29;173,6;OK
2002;Scuola Primaria Dante Alighieri;2025-01-29;100,9;OK
2003;Palazzo Comunale – Piazza Libertà;2025-01-29;315,2;OK
2004;Palazzo Comunale – Piazza Libertà;2025-01-29;155,3;OK
2005;Biblioteca Civica;2025-01-29;121,9;OK
2006;Asilo Nido Girotondo;2025-01-29;89,1;OK
2007;Asilo Nido Girotondo;2025-01-29;57,7;STIMA
2008;Piscina Comunale;2025-01-29;1.350,4;OK
2009;Piscina Comunale;2025-01-29;303,7;OK
2010;Centro Sportivo Città di Lodi;2025-01-29;271,1;OK
2001;Scuola Primaria Dante Alighieri;2025-01-30;181,8;OK
2002;Scuola Primaria Dante Alighieri;2025-01-30;99,3;OK
2003;Palazzo Comunale – Piazza Libertà;2025-01-30;281,6;OK
2004;Palazzo Comunale – Piazza Libertà;2025-01-30;127,2;OK
2005;Biblioteca Civica;2025-01-30;116,9;OK
2006;Asilo Nido Girotondo;2025-01-30;90,1;OK
2007;Asilo Nido Girotondo;2025-01-30;67,8;STIMA
2008;Piscina Comunale;2025-01-30;1.335,0;OK
2009;Piscina Comunale;2025-01-30;353,1;OK
2010;Centro Sportivo Città di Lodi;2025-01-30;275,6;OK
2001;Scuola Primaria Dante Alighieri;2025-01-31;165,5;STIMA
2002;Scuola Primaria Dante Alighieri;2025-01-31;80,7;OK
2003;Palazzo Comunale – Piazza Libertà;2025-01-31;285,1;OK
2004;Palazzo Comunale – Piazza Libertà;2025-01-31;130,8;OK
2005;Biblioteca Civica;2025-01-31;127,0;OK
2006;Asilo Nido Girotondo;2025-01-31;78,9;OK
2007;Asilo Nido Girotondo;2025-01-31;53,8;OK
2008;Piscina Comunale;2025-01-31;1.333,1;OK
2009;Piscina Comunale;2025-01-31;300,5;OK
2010;Centro Sportivo Città di Lodi;2025-01-31;284,0;OK
2001;Scuola Primaria Dante Alighieri;2025-02-01;82,1;OK
2002;Scuola Primaria Dante Alighieri;2025-02-01;81,2;OK
2003;Palazzo Comunale – Piazza Libertà;2025-02-01;156,2;OK
2004;Palazzo Comunale – Piazza Libertà;2025-02-01;142,0;OK
2005;Biblioteca Civica;2025-02-01;70,2;OK
2006;Asilo Nido Girotondo;2025-02-01;51,9;OK
2007;Asilo Nido Girotondo;2025-02-01;50,4;ERR
2008;Piscina Comunale;2025-02-01;690,1;OK
2009;Piscina Comunale;2025-02-01;300,0;OK
2010;Centro Sportivo Città di Lodi;2025-02-01;130,7;STIMA
2001;Scuola Primaria Dante Alighieri;2025-02-02;105,8;OK
2002;Scuola Primaria Dante Alighieri;2025-02-02;74,6;OK
2003;Palazzo Comunale – Piazza Libertà;2025-02-02;153,3;STIMA
2004;Palazzo Comunale – Piazza Libertà;2025-02-02;152,5;OK
2005;Biblioteca Civica;2025-02-02;65,3;OK
2006;Asilo Nido Girotondo;2025-02-02;52,5;OK
2007;Asilo Nido Girotondo;2025-02-02;57,4;OK
2008;Piscina Comunale;2025-02-02;734,5;OK
2009;Piscina Comunale;2025-02-02;280,4;STIMA
2010;Centro Sportivo Città di Lodi;2025-02-02;121,0;ERR
2001;Scuola Primaria Dante Alighieri;2025-02-03;175,4;OK
2002;Scuola Primaria Dante Alighieri;2025-02-03;75,6;OK
2003;Palazzo Comunale – Piazza Libertà;2025-02-03;308,0;OK
2004;Palazzo Comunale – Piazza Libertà;2025-02-03;143,9;OK
2005;Biblioteca Civica;2025-02-03;128,8;OK
2006;Asilo Nido Girotondo;2025-02-03;85,6;OK
2007;Asilo Nido Girotondo;2025-02-03;57,9;OK
2008;Piscina Comunale;2025-02-03;1.342,6;OK
2009;Piscina Comunale;2025-02-03;275,5;OK
2010;Centro Sportivo Città di Lodi;2025-02-03;286,2;OK
2001;Scuola Primaria Dante Alighieri;2025-02-04;185,2;OK
2002;Scuola Primaria Dante Alighieri;2025-02-04;92,3;OK
2003;Palazzo Comunale – Piazza Libertà;2025-02-04;282,1;OK
2004;Palazzo Comunale – Piazza Libertà;2025-02-04;145,7;OK
2005;Biblioteca Civica;2025-02-04;112,5;OK
2006;Asilo Nido Girotondo;2025-02-04;81,7;OK
2007;Asilo Nido Girotondo;2025-02-04;64,6;OK
2008;Piscina Comunale;2025-02-04;1.420,6;OK
2009;Piscina Comunale;2025-02-04;275,4;OK
2010;Centro Sportivo Città di Lodi;2025-02-04;262,2;OK
2001;Scuola Primaria Dante Alighieri;2025-02-05;175,5;ERR
2002;Scuola Primaria Dante Alighieri;2025-02-05;99,5;OK
2003;Palazzo Comunale – Piazza Libertà;2025-02-05;315,9;OK
2004;Palazzo Comunale – Piazza Libertà;2025-02-05;141,1;OK
2005;Biblioteca Civica;2025-02-05;127,9;OK
2006;Asilo Nido Girotondo;2025-02-05;91,4;OK
2007;Asilo Nido Girotondo;2025-02-05;49,1;OK
2008;Piscina Comunale;2025-02-05;1.393,4;STIMA
2009;Piscina Comunale;2025-02-05;311,0;STIMA
2010;Centro Sportivo Città di Lodi;2025-02-05;275,4;OK
2001;Scuola Primaria Dante Alighieri;2025-02-06;165,7;OK
2002;Scuola Primaria Dante Alighieri;2025-02-06;94,3;OK
2003;Palazzo Comunale – Piazza Libertà;2025-02-06;277,9;OK
2004;Palazzo Comunale – Piazza Libertà;2025-02-06;122,9;STIMA
2005;Biblioteca Civica;2025-02-06;134,2;OK
2006;Asilo Nido Girotondo;2025-02-06;88,3;OK
2007;Asilo Nido Girotondo;2025-02-06;63,6;OK
2008;Piscina Comunale;2025-02-06;1.340,6;OK
2009;Piscina Comunale;2025-02-06;350,8;OK
2010;Centro Sportivo Città di Lodi;2025-02-06;253,3;OK
2001;Scuola Primaria Dante Alighieri;2025-02-07;157,9;OK
2002;Scuola Primaria Dante Alighieri;2025-02-07;90,8;OK
2003;Palazzo Comunale – Piazza Libertà;2025-02-07;288,0;ERR
2004;Palazzo Comunale – Piazza Libertà;2025-02-07;120,2;OK
2005;Biblioteca Civica;2025-02-07;125,6;STIMA
2006;Asilo Nido Girotondo;2025-02-07;80,4;OK
2007;Asilo Nido Girotondo;2025-02-07;65,2;OK
2008;Piscina Comunale;2025-02-07;1.412,8;ERR
2009;Piscina Comunale;2025-02-07;277,6;OK
2010;Centro Sportivo Città di Lodi;2025-02-07;270,2;OK
2001;Scuola Primaria Dante Alighieri;2025-02-08;86,1;OK
2002;Scuola Primaria Dante Alighieri;2025-02-08;89,9;OK
2003;Palazzo Comunale – Piazza Libertà;2025-02-08;150,3;OK
2004;Palazzo Comunale – Piazza Libertà;2025-02-08;148,4;OK
2005;Biblioteca Civica;2025-02-08;57,1;OK
2006;Asilo Nido Girotondo;2025-02-08;46,1;OK
2007;Asilo Nido Girotondo;2025-02-08;51,6;STIMA
2008;Piscina Comunale;2025-02-08
2009;Piscina Comunale;2025-02-08;277,2;OK
2010;Centro Sportivo Città di Lodi;2025-02-08;154,1;OK
2001;Scuola Primaria Dante Alighieri;2025-02-09;98,0;OK
2002;Scuola Primaria Dante Alighieri;2025-02-09;88,8;OK
2003;Palazzo Comunale – Piazza Libertà;2025-02-09;159,7;OK
2004;Palazzo Comunale – Piazza Libertà;2025-02-09;135,4;OK
2005;Biblioteca Civica;2025-02-09;73,5;OK
2006;Asilo Nido Girotondo;2025-02-09;41,0;STIMA
2007;Asilo Nido Girotondo;2025-02-09;56,3;OK
2008;Piscina Comunale;2025-02-09;813,4;OK
2009;Piscina Comunale;2025-02-09;315,3;STIMA
2010;Centro Sportivo Città di Lodi;2025-02-09;150,5;OK
2001;Scuola Primaria Dante Alighieri;2025-02-10;159,3;OK
2002;Scuola Primaria Dante Alighieri;2025-02-10;81,0;STIMA
2003;Palazzo Comunale – Piazza Libertà;2025-02-10;290,7;OK
2004;Palazzo Comunale – Piazza Libertà;2025-02-10;126,9;OK
2005;Biblioteca Civica;2025-02-10;123,0;OK
2006;Asilo Nido Girotondo;2025-02-10;81,6;OK
2007;Asilo Nido Girotondo;2025-02-10;49,3;OK
2008;Piscina Comunale;2025-02-10;1.334,6;OK
2009;Piscina Comunale;2025-02-10;311,1;OK
2010;Centro Sportivo Città di Lodi;2025-02-10;266,7;OK
2001;Scuola Primaria Dante Alighieri;2025-02-11;168,8;OK
2002;Scuola Primaria Dante Alighieri;2025-02-11;81,8;OK
2003;Palazzo Comunale – Piazza Libertà;2025-02-11;286,0;OK
2004;Palazzo Comunale – Piazza Libertà;2025-02-11;120,5;OK
2005;Biblioteca Civica;2025-02-11;114,2;OK
2006;Asilo Nido Girotondo;2025-02-11;77,9;OK
2007;Asilo Nido Girotondo;2025-02-11;48,2;OK
2008;Piscina Comunale;2025-02-11;1.355,5;OK
2009;Piscina Comunale;2025-02-11;312,1;STIMA
2010;Centro Sportivo Città di Lodi;2025-02-11;268,1;OK
2001;Scuola Primaria Dante Alighieri;2025-02-12;182,0;OK
2002;Scuola Primaria Dante Alighieri;2025-02-12;77,2;OK
2003;Palazzo Comunale – Piazza Libertà;2025-02-12;295,0;OK
2004;Palazzo Comunale – Piazza Libertà;2025-02-12;130,2;OK
2005;Biblioteca Civica;2025-02-12;123,6;OK
2006;Asilo Nido Girotondo;2025-02-12;86,3;OK
2007;Asilo Nido Girotondo;2025-02-12;49,7;OK
2008;Piscina Comunale;2025-02-12;1.395,9;STIMA
2009;Piscina Comunale;2025-02-12;292,0;OK
2010;Centro Sportivo Città di Lodi;2025-02-12;246,8;OK
2001;Scuola Primaria Dante Alighieri;2025-02-13;162,2;OK
2002;Scuola Primaria Dante Alighieri;2025-02-13;95,4;OK
2003;Palazzo Comunale – Piazza Libertà;2025-02-13;272,0;OK
2004;Palazzo Comunale – Piazza Libertà;2025-02-13;118,2;STIMA
2005;Biblioteca Civica;2025-02-13;113,0;OK
2006;Asilo Nido Girotondo;2025-02-13;86,2;OK
2007;Asilo Nido Girotondo;2025-02-13;50,5;OK
2008;Piscina Comunale;2025-02-13;1.307,1;OK
2009;Piscina Comunale;2025-02-13;268,3;OK
2010;Centro Sportivo Città di Lodi;2025-02-13;275,0;OK
2001;Scuola Primaria Dante Alighieri;2025-02-14;176,7;OK
2002;Scuola Primaria Dante Alighieri;2025-02-14;96,5;STIMA
2003;Palazzo Comunale – Piazza Libertà;2025-02-14;283,4;OK
2004;Palazzo Comunale – Piazza Libertà;2025-02-14;111,6;OK
2005;Biblioteca Civica;2025-02-14;114,0;OK
2006;Asilo Nido Girotondo;2025-02-14;82,5;ERR
2007;Asilo Nido Girotondo;2025-02-14;50,2;OK
2008;Piscina Comunale;2025-02-14;1.276,3;OK
2009;Piscina Comunale;2025-02-14;317,9;OK
2010;Centro Sportivo Città di Lodi;2025-02-14;252,4;OK
2001;Scuola Primaria Dante Alighieri;2025-02-15;78,6;OK
2002;Scuola Primaria Dante Alighieri;2025-02-15;93,4;OK
2003;Palazzo Comunale – Piazza Libertà;2025-02-15;148,9;OK
2004;Palazzo Comunale – Piazza Libertà;2025-02-15;113,9;OK
2005;Biblioteca Civica;2025-02-15;65,5;OK
2006;Asilo Nido Girotondo;2025-02-15;43,2;OK
2007;Asilo Nido Girotondo;2025-02-15;49,7;OK
2008;Piscina Comunale;2025-02-15;706,6;OK
2009;Piscina Comunale;2025-02-15;292,0;OK
2010;Centro Sportivo Città di Lodi;2025-02-15;134,0;OK
2001;Scuola Primaria Dante Alighieri;2025-02-16;105,8;OK
2002;Scuola Primaria Dante Alighieri;2025-02-16;88,4;OK
2003;Palazzo Comunale – Piazza Libertà;2025-02-16;165,1;STIMA
2004;Palazzo Comunale – Piazza Libertà;2025-02-16;144,8;OK
2005;Biblioteca Civica;2025-02-16;72,7;OK
2006;Asilo Nido Girotondo;2025-02-16;53,0;OK
2007;Asilo Nido Girotondo;2025-02-16;63,5;OK
2008;Piscina Comunale;2025-02-16;777,1;OK
2009;Piscina Comunale;2025-02-16;341,3;OK
2010;Centro Sportivo Città di Lodi;2025-02-16;126,5;OK
2001;Scuola Primaria Dante Alighieri;2025-02-17;171,9;OK
2002;Scuola Primaria Dante Alighieri;2025-02-17;94,9;OK
2003;Palazzo Comunale – Piazza Libertà;2025-02-17;282,0;OK
2004;Palazzo Comunale – Piazza Libertà;2025-02-17;118,7;OK
2005;Biblioteca Civica;2025-02-17;122,4;OK
2006;Asilo Nido Girotondo;2025-02-17;89,7;OK
2007;Asilo Nido Girotondo;2025-02-17;48,2;STIMA
2008;Piscina Comunale;2025-02-17;1.365,5;OK
2009;Piscina Comunale;2025-02-17;287,9;OK
2010;Centro Sportivo Città di Lodi;2025-02-17;250,2;OK
2001;Scuola Primaria Dante Alighieri;2025-02-18;178,5;OK
2002;Scuola Primaria Dante Alighieri;2025-02-18;84,0;OK
2003;Palazzo Comunale – Piazza Libertà;2025-02-18;304,0;OK
2004;Palazzo Comunale – Piazza Libertà;2025-02-18;133,8;OK
2005;Biblioteca Civica;2025-02-18;132,0;OK
2006;Asilo Nido Girotondo;2025-02-18;77,6;OK
2007;Asilo Nido Girotondo;2025-02-18;59,1;OK
2008;Piscina Comunale;2025-02-18;1.408,4;OK
2009;Piscina Comunale;2025-02-18;286,2;OK
2010;Centro Sportivo Città di Lodi;2025-02-18;251,2;OK
2001;Scuola Primaria Dante Alighieri;2025-02-19;161,5;OK
2002;Scuola Primaria Dante Alighieri;2025-02-19;72,9;OK
2003;Palazzo Comunale – Piazza Libertà;2025-02-19;312,6;STIMA
2004;Palazzo Comunale – Piazza Libertà;2025-02-19;114,6;OK
2005;Biblioteca Civica;2025-02-19;118,4;OK
2006;Asilo Nido Girotondo;2025-02-19;89,3;OK
2007;Asilo Nido Girotondo;2025-02-19;49,2;STIMA
2008;Piscina Comunale;2025-02-19;1.306,8;OK
2009;Piscina Comunale;2025-02-19;292,1;OK
2010;Centro Sportivo Città di Lodi;2025-02-19;279,6;OK
2001;Scuola Primaria Dante Alighieri;2025-02-20;168,6;OK
2002;Scuola Primaria Dante Alighieri;2025-02-20;89,0;OK
2003;Palazzo Comunale – Piazza Libertà;2025-02-20;272,1;OK
2004;Palazzo Comunale – Piazza Libertà;2025-02-20;146,2;STIMA
2005;Biblioteca Civica;2025-02-20;114,6;OK
2006;Asilo Nido Girotondo;2025-02-20;82,2;OK
2007;Asilo Nido Girotondo;2025-02-20;51,3;OK
2008;Piscina Comunale;2025-02-20;1.304,0;OK
2009;Piscina Comunale;2025-02-20;253,2;OK
2010;Centro Sportivo Città di Lodi;2025-02-20;275,8;OK
2001;Scuola Primaria Dante Alighieri;2025-02-21;153,3;OK
2002;Scuola Primaria Dante Alighieri;2025-02-21;78,9;OK
2003;Palazzo Comunale – Piazza Libertà;2025-02-21;301,7;OK
2004;Palazzo Comunale – Piazza Libertà;2025-02-21;119,5;OK
2005;Biblioteca Civica;2025-02-21;108,9;OK
2006;Asilo Nido Girotondo;2025-02-21;82,7;OK
2007;Asilo Nido Girotondo;2025-02-21;50,2;OK
2008;Piscina Comunale;2025-02-21;1.335,8;OK
2009;Piscina Comunale;2025-02-21;316,9;OK
2010;Centro Sportivo Città di Lodi;2025-02-21;258,1;OK
2001;Scuola Primaria Dante Alighieri;2025-02-22;87,8;STIMA
2002;Scuola Primaria Dante Alighieri;2025-02-22;88,3;OK
2003;Palazzo Comunale – Piazza Libertà;2025-02-22;147,3;OK
2004;Palazzo Comunale – Piazza Libertà;2025-02-22;109,1;OK
2005;Biblioteca Civica;2025-02-22;63,0;OK
2006;Asilo Nido Girotondo;2025-02-22;44,3;OK
2007;Asilo Nido Girotondo;2025-02-22;45,8;OK
2008;Piscina Comunale;2025-02-22;804,6;OK
2009;Piscina Comunale;2025-02-22;293,1;OK
2010;Centro Sportivo Città di Lodi;2025-02-22;157,1;OK
2001;Scuola Primaria Dante Alighieri;2025-02-23;96,1;OK
2002;Scuola Primaria Dante Alighieri;2025-02-23;92,9;OK
2003;Palazzo Comunale – Piazza Libertà;2025-02-23;136,7;OK
2004;Palazzo Comunale – Piazza Libertà;2025-02-23;118,5;OK
2005;Biblioteca Civica;2025-02-23;62,8;OK
2006;Asilo Nido Girotondo;2025-02-23;51,3;OK
2007;Asilo Nido Girotondo;2025-02-23;51,4;STIMA
2008;Piscina Comunale;2025-02-23;676,1;OK
2009;Piscina Comunale;2025-02-23;279,3;OK
2010;Centro Sportivo Città di Lodi;2025-02-23;127,6;OK
2001;Scuola Primaria Dante Alighieri;2025-02-24;155,9;OK
2002;Scuola Primaria Dante Alighieri;2025-02-24;71,9;OK
2003;Palazzo Comunale – Piazza Libertà;2025-02-24;299,1;OK
2004;Palazzo Comunale – Piazza Libertà;2025-02-24;114,6;OK
2005;Biblioteca Civica;2025-02-24;119,2;OK
2006;Asilo Nido Girotondo;2025-02-24;83,1;OK
2007;Asilo Nido Girotondo;2025-02-24;46,1;OK
2008;Piscina Comunale;2025-02-24;1.285,4;OK
2009;Piscina Comunale;2025-02-24;314,9;OK
2010;Centro Sportivo Città di Lodi;2025-02-24;243,9;OK
2001;Scuola Primaria Dante Alighieri;2025-02-25;156,8;OK
2002;Scuola Primaria Dante Alighieri;2025-02-25;66,6;OK
2003;Palazzo Comunale – Piazza Libertà;2025-02-25;308,4;OK
2004;Palazzo Comunale – Piazza Libertà;2025-02-25;103,1;OK
2005;Biblioteca Civica;2025-02-25;122,0;OK
2006;Asilo Nido Girotondo;2025-02-25;84,0;OK
2007;Asilo Nido Girotondo;2025-02-25;47,5;OK
2008;Piscina Comunale;2025-02-25;1.298,5;OK
2009;Piscina Comunale;2025-02-25;293,0;OK
2010;Centro Sportivo Città di Lodi;2025-02-25;276,4;OK
2001;Scuola Primaria Dante Alighieri;2025-02-26;173,4;OK
2002;Scuola Primaria Dante Alighieri;2025-02-26;77,3;OK
2003;Palazzo Comunale – Piazza Libertà;2025-02-26;275,9;OK
2004;Palazzo Comunale – Piazza Libertà;2025-02-26;138,6;OK
2005;Biblioteca Civica;2025-02-26;113,7;OK
2006;Asilo Nido Girotondo;2025-02-26;76,9;OK
2007;Asilo Nido Girotondo;2025-02-26;59,1;OK
2008;Piscina Comunale;2025-02-26;1.358,2;OK
2009;Piscina Comunale;2025-02-26;314,3;OK
2010;Centro Sportivo Città di Lodi;2025-02-26;245,9;OK
2001;Scuola Primaria Dante Alighieri;2025-02-27;167,0;OK
2002;Scuola Primaria Dante Alighieri;2025-02-27;71,9;OK
2003;Palazzo Comunale – Piazza Libertà;2025-02-27;275,8;OK
2004;Palazzo Comunale – Piazza Libertà;2025-02-27;118,3;OK
2005;Biblioteca Civica;2025-02-27;129,7;OK
2006;Asilo Nido Girotondo;2025-02-27;88,6;OK
2007;Asilo Nido Girotondo;2025-02-27;55,7;OK
2008;Piscina Comunale;2025-02-27;1.265,0;STIMA
2009;Piscina Comunale;2025-02-27;305,1;OK
2010;Centro Sportivo Città di Lodi;2025-02-27;232,2;OK
2001;Scuola Primaria Dante Alighieri;2025-02-28;181,1;OK
2002;Scuola Primaria Dante Alighieri;2025-02-28;88,3;OK
2003;Palazzo Comunale – Piazza Libertà;2025-02-28;287,6;OK
2004;Palazzo Comunale – Piazza Libertà;2025-02-28;137,5;OK
2005;Biblioteca Civica;2025-02-28;118,2;OK
2006;Asilo Nido Girotondo;2025-02-28;85,7;OK
2007;Asilo Nido Girotondo;2025-02-28;52,8;OK
2008;Piscina Comunale;2025-02-28;1.406,6;OK
2009;Piscina Comunale;2025-02-28;319,2;OK
2010;Centro Sportivo Città di Lodi;2025-02-28;237,3;OK
2001;Scuola Primaria Dante Alighieri;2025-03-01;82,0;OK
2002;Scuola Primaria Dante Alighieri;2025-03-01;64,7;OK
2003;Palazzo Comunale – Piazza Libertà;2025-03-01;172,4;OK
2004;Palazzo Comunale – Piazza Libertà;2025-03-01;107,5;OK
2005;Biblioteca Civica;2025-03-01;54,7;OK
2006;Asilo Nido Girotondo;2025-03-01;48,5;OK
2007;Asilo Nido Girotondo;2025-03-01;52,9;OK
2008;Piscina Comunale;2025-03-01;786,5;ERR
2009;Piscina Comunale;2025-03-01;246,0;OK
2010;Centro Sportivo Città di Lodi;2025-03-01;135,4;OK
2001;Scuola Primaria Dante Alighieri;2025-03-02;84,7;OK
2002;Scuola Primaria Dante Alighieri;2025-03-02;88,8;OK
2003;Palazzo Comunale – Piazza Libertà;2025-03-02;155,3;OK
2004;Palazzo Comunale – Piazza Libertà;2025-03-02;136,8;OK
2005;Biblioteca Civica;2025-03-02;71,3;OK
2006;Asilo Nido Girotondo;2025-03-02;49,7;ERR
2007;Asilo Nido Girotondo;2025-03-02;46,7;OK
2008;Piscina Comunale;2025-03-02;764,2;OK
2009;Piscina Comunale;2025-03-02;306,0;ERR
2010;Centro Sportivo Città di Lodi;2025-03-02;139,9;OK
2001;Scuola Primaria Dante Alighieri;2025-03-03;150,6;OK
2002;Scuola Primaria Dante Alighieri;2025-03-03;75,1;STIMA
2003;Palazzo Comunale – Piazza Libertà;2025-03-03;289,0;OK
2004;Palazzo Comunale – Piazza Libertà;2025-03-03;127,9;OK
2005;Biblioteca Civica;2025-03-03;114,4;OK
2006;Asilo Nido Girotondo;2025-03-03;85,3;OK
2007;Asilo Nido Girotondo;2025-03-03;50,0;OK
2008;Piscina Comunale;2025-03-03;1.367,2;OK
2009;Piscina Comunale;2025-03-03;295,8;OK
2010;Centro Sportivo Città di Lodi;2025-03-03;266,3;OK
2001;Scuola Primaria Dante Alighieri;2025-03-04;175,1;OK
2002;Scuola Primaria Dante Alighieri;2025-03-04;87,0;OK
2003;Palazzo Comunale – Piazza Libertà;2025-03-04;264,3;OK
2004;Palazzo Comunale – Piazza Libertà;2025-03-04;100,2;OK
2005;Biblioteca Civica;2025-03-04;123,9;OK
2006;Asilo Nido Girotondo;2025-03-04;77,1;OK
2007;Asilo Nido Girotondo;2025-03-04;56,3;OK
2008;Piscina Comunale;2025-03-04;1.291,8;OK
2009;Piscina Comunale;2025-03-04;268,9;OK
2010;Centro Sportivo Città di Lodi;2025-03-04;277,0;OK
2001;Scuola Primaria Dante Alighieri;2025-03-05;173,9;STIMA
2002;Scuola Primaria Dante Alighieri;2025-03-05;86,6;OK
2003;Palazzo Comunale – Piazza Libertà;2025-03-05;292,9;OK
2004;Palazzo Comunale – Piazza Libertà;2025-03-05;123,3;STIMA
2005;Biblioteca Civica;2025-03-05;110,7;OK
2006;Asilo Nido Girotondo;2025-03-05;86,0;OK
2007;Asilo Nido Girotondo;2025-03-05;42,2;OK
2008;Piscina Comunale;2025-03-05;1.390,1;OK
2009;Piscina Comunale;2025-03-05;235,5;OK
2010;Centro Sportivo Città di Lodi;2025-03-05;229,0;STIMA
2001;Scuola Primaria Dante Alighieri;2025-03-06;167,4;OK
2002;Scuola Primaria Dante Alighieri;2025-03-06;87,3;OK
2003;Palazzo Comunale – Piazza Libertà;2025-03-06;273,2;OK
2004;Palazzo Comunale – Piazza Libertà;2025-03-06;132,3;OK
2005;Biblioteca Civica;2025-03-06;113,8;OK
2006;Asilo Nido Girotondo;2025-03-06;79,5;OK
2007;Asilo Nido Girotondo;2025-03-06;47,2;OK
2008;Piscina Comunale;2025-03-06;1.249,1;OK
2009;Piscina Comunale;2025-03-06;273,7;OK
2010;Centro Sportivo Città di Lodi;2025-03-06;227,5;OK
2001;Scuola Primaria Dante Alighieri;2025-03-07;159,8;OK
2002;Scuola Primaria Dante Alighieri;2025-03-07;68,9;OK
2003;Palazzo Comunale – Piazza Libertà;2025-03-07;312,8;OK
2004;Palazzo Comunale – Piazza Libertà;2025-03-07;121,4;OK
2005;Biblioteca Civica;2025-03-07;116,3;OK
2006;Asilo Nido Girotondo;2025-03-07;87,4;OK
2007;Asilo Nido Girotondo;2025-03-07;50,9;OK
2008;Piscina Comunale;2025-03-07;1.298,3;OK
2009;Piscina Comunale;2025-03-07;292,9;OK
2010;Centro Sportivo Città di Lodi;2025-03-07;254,3;OK
2001;Scuola Primaria Dante Alighieri;2025-03-08;102,5;OK
2002;Scuola Primaria Dante Alighieri;2025-03-08;66,7;OK
2003;Palazzo Comunale – Piazza Libertà;2025-03-08;149,0;OK
2004;Palazzo Comunale – Piazza Libertà;2025-03-08;118,1;OK
2005;Biblioteca Civica;2025-03-08;75,6;OK
2006;Asilo Nido Girotondo;2025-03-08;41,6;OK
2007;Asilo Nido Girotondo;2025-03-08;45,6;OK
2008;Piscina Comunale;2025-03-08;798,2;OK
2009;Piscina Comunale;2025-03-08;263,7;OK
2010;Centro Sportivo Città di Lodi;2025-03-08;138,9;ERR
2001;Scuola Primaria Dante Alighieri;2025-03-09;78,5;OK
2002;Scuola Primaria Dante Alighieri;2025-03-09;79,1;ERR
2003;Palazzo Comunale – Piazza Libertà;2025-03-09;152,3;OK
2004;Palazzo Comunale – Piazza Libertà;2025-03-09;132,0;OK
2005;Biblioteca Civica;2025-03-09;58,2;OK
2006;Asilo Nido Girotondo;2025-03-09;49,3;OK
2007;Asilo Nido Girotondo;2025-03-09;54,6;OK
2008;Piscina Comunale;2025-03-09;673,2;STIMA
2009;Piscina Comunale;2025-03-09;258,4;OK
2010;Centro Sportivo Città di Lodi;2025-03-09;139,3;OK
2001;Scuola Primaria Dante Alighieri;2025-03-10;163,7;OK
2002;Scuola Primaria Dante Alighieri;2025-03-10;75,3;OK
2003;Palazzo Comunale – Piazza Libertà;2025-03-10;303,3;OK
2004;Palazzo Comunale – Piazza Libertà;2025-03-10;99,6;OK
2005;Biblioteca Civica;2025-03-10;121,5;OK
2006;Asilo Nido Girotondo;2025-03-10;79,5;OK
2007;Asilo Nido Girotondo;2025-03-10;56,4;OK
2008;Piscina Comunale;2025-03-10;1.241,7;OK
2009;Piscina Comunale;2025-03-10;268,0;OK
2010;Centro Sportivo Città di Lodi;2025-03-10;241,8;OK
2001;Scuola Primaria Dante Alighieri;2025-03-11;176,9;OK
2002;Scuola Primaria Dante Alighieri;2025-03-11;59,4;OK
2003;Palazzo Comunale – Piazza Libertà;2025-03-11;267,8;OK
2004;Palazzo Comunale – Piazza Libertà;2025-03-11;127,2;OK
2005;Biblioteca Civica;2025-03-11;124,5;OK
2006;Asilo Nido Girotondo;2025-03-11;82,3;OK
2007;Asilo Nido Girotondo;2025-03-11;47,0;ERR
2008;Piscina Comunale;2025-03-11;1.270,1;OK
2009;Piscina Comunale;2025-03-11;261,6;OK
2010;Centro Sportivo Città di Lodi;2025-03-11;239,9;OK
2001;Scuola Primaria Dante Alighieri;2025-03-12;157,6;OK
2002;Scuola Primaria Dante Alighieri;2025-03-12;67,1;OK
2003;Palazzo Comunale – Piazza Libertà;2025-03-12;297,1;OK
2004;Palazzo Comunale – Piazza Libertà;2025-03-12;117,2;OK
2005;Biblioteca Civica;2025-03-12;115,2;OK
2006;Asilo Nido Girotondo;2025-03-12;76,8;OK
2007;Asilo Nido Girotondo;2025-03-12;44,0;OK
2008;Piscina Comunale;2025-03-12;1.365,8;ERR
2009;Piscina Comunale;2025-03-12;218,2;OK
2010;Centro Sportivo Città di Lodi;2025-03-12;272,3;OK
2001;Scuola Primaria Dante Alighieri;2025-03-13;167,7;STIMA
2002;Scuola Primaria Dante Alighieri;2025-03-13;72,0;OK
2003;Palazzo Comunale – Piazza Libertà;2025-03-13;268,2;OK
2004;Palazzo Comunale – Piazza Libertà;2025-03-13;116,2;OK
2005;Biblioteca Civica;2025-03-13;126,9;OK
2006;Asilo Nido Girotondo;2025-03-13;88,0;OK
2007;Asilo Nido Girotondo;2025-03-13;39,1;OK
2008;Piscina Comunale;2025-03-13;1.335,6;OK
2009;Piscina Comunale;2025-03-13;229,0;OK
2010;Centro Sportivo Città di Lodi;2025-03-13;268,1;ERR
2001;Scuola Primaria Dante Alighieri;2025-03-14;149,7;OK
2002;Scuola Primaria Dante Alighieri;2025-03-14;67,8;OK
2003;Palazzo Comunale – Piazza Libertà;2025-03-14;286,8;OK
2004;Palazzo Comunale – Piazza Libertà;2025-03-14;114,7;OK
2005;Biblioteca Civica;2025-03-14;109,4;OK
2006;Asilo Nido Girotondo;2025-03-14;77,6;OK
2007;Asilo Nido Girotondo;2025-03-14;50,1;OK
2008;Piscina Comunale;2025-03-14;1.317,7;OK
2009;Piscina Comunale;2025-03-14;291,6;OK
2010;Centro Sportivo Città di Lodi;2025-03-14;245,7;OK
2001;Scuola Primaria Dante Alighieri;2025-03-15;104,3;OK
2002;Scuola Primaria Dante Alighieri;2025-03-15;59,1;OK
2003;Palazzo Comunale – Piazza Libertà;2025-03-15;181,7;OK
2004;Palazzo Comunale – Piazza Libertà;2025-03-15;118,8;OK
2005;Biblioteca Civica;2025-03-15;59,3;OK
2006;Asilo Nido Girotondo;2025-03-15;49,2;OK
2007;Asilo Nido Girotondo;2025-03-15;52,4;OK
2008;Piscina Comunale;2025-03-15;790,9;OK
2009;Piscina Comunale;2025-03-15;268,8;OK
2010;Centro Sportivo Città di Lodi;2025-03-15;140,7;OK
2001;Scuola Primaria Dante Alighieri;2025-03-16;77,1;OK
2002;Scuola Primaria Dante Alighieri;2025-03-16;77,1;OK
2003;Palazzo Comunale – Piazza Libertà;2025-03-16;179,0;OK
2004;Palazzo Comunale – Piazza Libertà;2025-03-16;118,8;OK
2005;Biblioteca Civica;2025-03-16;58,9;OK
2006;Asilo Nido Girotondo;2025-03-16;45,4;OK
2007;Asilo Nido Girotondo;2025-03-16;52,3;OK
2008;Piscina Comunale;2025-03-16;689,7;OK
2009;Piscina Comunale;2025-03-16;213,6;OK
2010;Centro Sportivo Città di Lodi;2025-03-16;150,6;OK
2001;Scuola Primaria Dante Alighieri;2025-03-17;157,0;OK
2002;Scuola Primaria Dante Alighieri;2025-03-17;67,4;OK
2003;Palazzo Comunale – Piazza Libertà;2025-03-17;267,5;OK
2004;Palazzo Comunale – Piazza Libertà;2025-03-17;100,1;OK
2005;Biblioteca Civica;2025-03-17;113,3;OK
2006;Asilo Nido Girotondo;2025-03-17;74,1;OK
2007;Asilo Nido Girotondo;2025-03-17;53,5;STIMA
2008;Piscina Comunale;2025-03-17;1.221,3;OK
2009;Piscina Comunale;2025-03-17;246,1;OK
2010;Centro Sportivo Città di Lodi;2025-03-17;234,0;OK
2001;Scuola Primaria Dante Alighieri;2025-03-18;174,2;OK
2002;Scuola Primaria Dante Alighieri;2025-03-18;63,2;OK
2003;Palazzo Comunale – Piazza Libertà;2025-03-18;282,2;OK
2004;Palazzo Comunale – Piazza Libertà;2025-03-18;116,9;OK
2005;Biblioteca Civica;2025-03-18;103,0;OK
2006;Asilo Nido Girotondo;2025-03-18;71,9;OK
2007;Asilo Nido Girotondo;2025-03-18;48,6;OK
2008;Piscina Comunale;2025-03-18;1.255,8;OK
2009;Piscina Comunale;2025-03-18;229,9;OK
2010;Centro Sportivo Città di Lodi;2025-03-18;226,6;OK
2001;Scuola Primaria Dante Alighieri;2025-03-19;159,7;OK
2002;Scuola Primaria Dante Alighieri;2025-03-19;58,4;OK
2003;Palazzo Comunale – Piazza Libertà;2025-03-19;272,7;OK
2004;Palazzo Comunale – Piazza Libertà;2025-03-19;117,7;ERR
2005;Biblioteca Civica;2025-03-19;125,0;OK
2006;Asilo Nido Girotondo;2025-03-19;75,3;OK
2007;Asilo Nido Girotondo;2025-03-19;36,9;OK
2008;Piscina Comunale;2025-03-19;1.323,2;STIMA
2009;Piscina Comunale;2025-03-19;243,3;OK
2010;Centro Sportivo Città di Lodi;2025-03-19;265,9;OK
2001;Scuola Primaria Dante Alighieri;2025-03-20;152,0;OK
2002;Scuola Primaria Dante Alighieri;2025-03-20;70,5;OK
2003;Palazzo Comunale – Piazza Libertà;2025-03-20;265,1;OK
2004;Palazzo Comunale – Piazza Libertà;2025-03-20;88,8;OK
2005;Biblioteca Civica;2025-03-20;105,5;OK
2006;Asilo Nido Girotondo;2025-03-20;83,4;OK
2007;Asilo Nido Girotondo;2025-03-20;50,2;OK
2008;Piscina Comunale;2025-03-20;1.310,1;OK
2009;Piscina Comunale;2025-03-20;246,2;OK
2010;Centro Sportivo Città di Lodi;2025-03-20;245,6;OK
2001;Scuola Primaria Dante Alighieri;2025-03-21;146,1;STIMA
2002;Scuola Primaria Dante Alighieri;2025-03-21;72,0;STIMA
2003;Palazzo Comunale – Piazza Libertà;2025-03-21;284,4;OK
2004;Palazzo Comunale – Piazza Libertà;2025-03-21;82,0;OK
2005;Biblioteca Civica;2025-03-21;108,7;OK
2006;Asilo Nido Girotondo;2025-03-21;83,2;OK
2007;Asilo Nido Girotondo;2025-03-21;46,1;OK
2008;Piscina Comunale;2025-03-21;1.334,6;OK
2009;Piscina Comunale;2025-03-21;208,4;OK
2010;Centro Sportivo Città di Lodi;2025-03-21;254,5;OK
2001;Scuola Primaria Dante Alighieri;2025-03-22;84,4;OK
2002;Scuola Primaria Dante Alighieri;2025-03-22;55,9;OK
2003;Palazzo Comunale – Piazza Libertà;2025-03-22;177,5;OK
2004;Palazzo Comunale – Piazza Libertà;2025-03-22;92,4;OK
2005;Biblioteca Civica;2025-03-22;55,1;OK
2006;Asilo Nido Girotondo;2025-03-22;44,4;OK
2007;Asilo Nido Girotondo;2025-03-22;42,1;OK
2008;Piscina Comunale;2025-03-22;763,4;OK
2009;Piscina Comunale;2025-03-22;247,4;OK
2010;Centro Sportivo Città di Lodi;2025-03-22;115,4;OK
2001;Scuola Primaria Dante Alighieri;2025-03-23;91,9;OK
2002;Scuola Primaria Dante Alighieri;2025-03-23;76,5;OK
2003;Palazzo Comunale – Piazza Libertà;2025-03-23;149,6;OK
2004;Palazzo Comunale – Piazza Libertà;2025-03-23;88,7;OK
2005;Biblioteca Civica;2025-03-23;59,0;OK
2006;Asilo Nido Girotondo;2025-03-23;43,1;OK
2007;Asilo Nido Girotondo;2025-03-23;35,9;OK
2008;Piscina Comunale;2025-03-23;787,6;OK
2009;Piscina Comunale;2025-03-23;252,6;OK
2010;Centro Sportivo Città di Lodi;2025-03-23;140,3;OK
2001;Scuola Primaria Dante Alighieri;2025-03-24;166,0;OK
2002;Scuola Primaria Dante Alighieri;2025-03-24;67,3;OK
2003;Palazzo Comunale – Piazza Libertà;2025-03-24;282,1;OK
2004;Palazzo Comunale – Piazza Libertà;2025-03-24;109,1;OK
2005;Biblioteca Civica;2025-03-24;103,2;OK
2006;Asilo Nido Girotondo;2025-03-24;84,0;OK
2007;Asilo Nido Girotondo;2025-03-24;34,7;STIMA
2008;Piscina Comunale;2025-03-24;1.302,3;OK
2009;Piscina Comunale;2025-03-24;202,5;OK
2010;Centro Sportivo Città di Lodi;2025-03-24;253,8;OK
2001;Scuola Primaria Dante Alighieri;2025-03-25;153,7;OK
2002;Scuola Primaria Dante Alighieri;2025-03-25;50,4;OK
2003;Palazzo Comunale – Piazza Libertà;2025-03-25;284,2;STIMA
2004;Palazzo Comunale – Piazza Libertà;2025-03-25;108,2;OK
2005;Biblioteca Civica;2025-03-25;119,0;OK
2006;Asilo Nido Girotondo;2025-03-25;78,7;OK
2007;Asilo Nido Girotondo;2025-03-25;42,9;OK
2008;Piscina Comunale;2025-03-25;1.362,4;OK
2009;Piscina Comunale;2025-03-25;235,6;OK
2010;Centro Sportivo Città di Lodi;2025-03-25;246,8;OK
2001;Scuola Primaria Dante Alighieri;2025-03-26;170,7;OK
2002;Scuola Primaria Dante Alighieri;2025-03-26;70,9;OK
2003;Palazzo Comunale – Piazza Libertà;2025-03-26;272,8;OK
2004;Palazzo Comunale – Piazza Libertà;2025-03-26;86,4;OK
2005;Biblioteca Civica;2025-03-26;102,1;OK
2006;Asilo Nido Girotondo;2025-03-26;81,6;OK
2007;Asilo Nido Girotondo;2025-03-26;38,3;OK
2008;Piscina Comunale;2025-03-26;1.344,5;OK
2009;Piscina Comunale;2025-03-26;217,1;OK
2010;Centro Sportivo Città di Lodi;2025-03-26;260,2;OK
2001;Scuola Primaria Dante Alighieri;2025-03-27;164,9;OK
2002;Scuola Primaria Dante Alighieri;2025-03-27;70,7;OK
2003;Palazzo Comunale – Piazza Libertà;2025-03-27;282,9;OK
2004;Palazzo Comunale – Piazza Libertà;2025-03-27;114,6;OK
2005;Biblioteca Civica;2025-03-27;107,2;OK
2006;Asilo Nido Girotondo;2025-03-27;79,0;OK
2007;Asilo Nido Girotondo;2025-03-27;38,0;OK
2008;Piscina Comunale;2025-03-27;1.243,5;OK
2009;Piscina Comunale;2025-03-27;261,4;OK
2010;Centro Sportivo Città di Lodi;2025-03-27;256,4;OK
2001;Scuola Primaria Dante Alighieri;2025-03-28;141,7;OK
2002;Scuola Primaria Dante Alighieri;2025-03-28;51,8;OK
2003;Palazzo Comunale – Piazza Libertà;2025-03-28;282,3;OK
2004;Palazzo Comunale – Piazza Libertà;2025-03-28;89,1;OK
2005;Biblioteca Civica;2025-03-28;112,4;OK
2006;Asilo Nido Girotondo;2025-03-28;85,2;OK
2007;Asilo Nido Girotondo;2025-03-28;43,4;OK
2008;Piscina Comunale;2025-03-28;1.324,8;OK
2009;Piscina Comunale;2025-03-28;245,6;OK
2010;Centro Sportivo Città di Lodi;2025-03-28;224,4;OK
2001;Scuola Primaria Dante Alighieri;2025-03-29;94,2;OK
2002;Scuola Primaria Dante Alighieri;2025-03-29;47,7;OK
2003;Palazzo Comunale – Piazza Libertà;2025-03-29;163,2;OK
2004;Palazzo Comunale – Piazza Libertà;2025-03-29;107,9;OK
2005;Biblioteca Civica;2025-03-29;69,0;OK
2006;Asilo Nido Girotondo;2025-03-29;46,5;OK
2007;Asilo Nido Girotondo;2025-03-29;46,0;OK
2008;Piscina Comunale;2025-03-29;683,2;OK
2009;Piscina Comunale;2025-03-29;221,9;OK
2010;Centro Sportivo Città di Lodi;2025-03-29;118,7;OK
2001;Scuola Primaria Dante Alighieri;2025-03-30;69,8;OK
2002;Scuola Primaria Dante Alighieri;2025-03-30;64,8;OK
2003;Palazzo Comunale – Piazza Libertà;2025-03-30;140,8;OK
2004;Palazzo Comunale – Piazza Libertà;2025-03-30;93,8;OK
2005;Biblioteca Civica;2025-03-30;70,4;OK
2006;Asilo Nido Girotondo;2025-03-30;35,5;OK
2007;Asilo Nido Girotondo;2025-03-30;36,2;OK
2008;Piscina Comunale;2025-03-30;626,8;OK
2009;Piscina Comunale;2025-03-30;227,9;OK
2010;Centro Sportivo Città di Lodi;2025-03-30;112,7;OK
2001;Scuola Primaria Dante Alighieri;2025-03-31;142,4;OK
2002;Scuola Primaria Dante Alighieri;2025-03-31;69,7;OK
2003;Palazzo Comunale – Piazza Libertà;2025-03-31;268,8;OK
2004;Palazzo Comunale – Piazza Libertà;2025-03-31;89,0;OK
2005;Biblioteca Civica;2025-03-31;118,8;OK
2006;Asilo Nido Girotondo;2025-03-31;72,6;OK
2007;Asilo Nido Girotondo;2025-03-31;36,9;ERR
2008;Piscina Comunale;2025-03-31;1.304,7;STIMA
2009;Piscina Comunale;2025-03-31;243,4;OK
2010;Centro Sportivo Città di Lodi;2025-03-31;229,6;OK
2001;Scuola Primaria Dante Alighieri;2025-04-01;154,9;OK
2002;Scuola Primaria Dante Alighieri;2025-04-01;65,0;OK
2003;Palazzo Comunale – Piazza Libertà;2025-04-01;288,2;OK
2004;Palazzo Comunale – Piazza Libertà;2025-04-01;73,1;OK
2005;Biblioteca Civica;2025-04-01;114,7;OK
2006;Asilo Nido Girotondo;2025-04-01;78,2;OK
2007;Asilo Nido Girotondo;2025-04-01;42,8;ERR
2008;Piscina Comunale;2025-04-01;1.321,1;OK
2009;Piscina Comunale;2025-04-01;178,0;OK
2010;Centro Sportivo Città di Lodi;2025-04-01;250,8;OK
2001;Scuola Primaria Dante Alighieri;2025-04-02;144,8;OK
2002;Scuola Primaria Dante Alighieri;2025-04-02;67,1;OK
2003;Palazzo Comunale – Piazza Libertà;2025-04-02;273,8;STIMA
2004;Palazzo Comunale – Piazza Libertà;2025-04-02;92,2;OK
2005;Biblioteca Civica;2025-04-02;122,1;OK
2006;Asilo Nido Girotondo;2025-04-02;82,4;OK
2007;Asilo Nido Girotondo;2025-04-02;;OK
2008;Piscina Comunale;2025-04-02;1.322,4;OK
2009;Piscina Comunale;2025-04-02;207,5;OK
2010;Centro Sportivo Città di Lodi;2025-04-02;225,9;ERR
2001;Scuola Primaria Dante Alighieri;2025-04-03;157,1;OK
2002;Scuola Primaria Dante Alighieri;2025-04-03;48,2;OK
2003;Palazzo Comunale – Piazza Libertà;2025-04-03;287,2;OK
2004;Palazzo Comunale – Piazza Libertà;2025-04-03;87,5;OK
2005;Biblioteca Civica;2025-04-03;111,8;OK
2006;Asilo Nido Girotondo;2025-04-03;75,0;OK
2007;Asilo Nido Girotondo;2025-04-03;44,0;OK
2008;Piscina Comunale;2025-04-03;1.318,4;OK
2009;Piscina Comunale;2025-04-03;185,0;OK
2010;Centro Sportivo Città di Lodi;2025-04-03;259,6;OK
2001;Scuola Primaria Dante Alighieri;2025-04-04;141,7;OK
2002;Scuola Primaria Dante Alighieri;2025-04-04;53,4;OK
2003;Palazzo Comunale – Piazza Libertà;2025-04-04;295,8;OK
2004;Palazzo Comunale – Piazza Libertà;2025-04-04;86,6;OK
2005;Biblioteca Civica;2025-04-04;108,7;OK
2006;Asilo Nido Girotondo;2025-04-04;68,7;OK
2007;Asilo Nido Girotondo;2025-04-04;37,3;OK
2008;Piscina Comunale;2025-04-04;1.198,8;OK
2009;Piscina Comunale;2025-04-04;188,4;OK
2010;Centro Sportivo Città di Lodi;2025-04-04;244,5;OK
2001;Scuola Primaria Dante Alighieri;2025-04-05;88,3;OK
2002;Scuola Primaria Dante Alighieri;2025-04-05;40,2;OK
2003;Palazzo Comunale – Piazza Libertà;2025-04-05;132,6;OK
2004;Palazzo Comunale – Piazza Libertà;2025-04-05;89,0;OK
2005;Biblioteca Civica;2025-04-05;61,3;OK
2006;Asilo Nido Girotondo;2025-04-05;39,5;OK
2007;Asilo Nido Girotondo;2025-04-05;43,5;OK
2008;Piscina Comunale;2025-04-05;625,7;OK
2009;Piscina Comunale;2025-04-05;167,8;OK
2010;Centro Sportivo Città di Lodi;2025-04-05;131,4;OK
2001;Scuola Primaria Dante Alighieri;2025-04-06;98,5;OK
2002;Scuola Primaria Dante Alighieri;2025-04-06;43,4;OK
2003;Palazzo Comunale – Piazza Libertà;2025-04-06;152,3;OK
2004;Palazzo Comunale – Piazza Libertà;2025-04-06;97,7;ERR
2005;Biblioteca Civica;2025-04-06;50,2;OK
2006;Asilo Nido Girotondo;2025-04-06;46,3;OK
2007;Asilo Nido Girotondo;2025-04-06;26,8;OK
2008;Piscina Comunale;2025-04-06;734,1;OK
2009;Piscina Comunale;2025-04-06;216,3;OK
2010;Centro Sportivo Città di Lodi;2025-04-06;115,7;OK
2001;Scuola Primaria Dante Alighieri;2025-04-07;147,3;OK
2002;Scuola Primaria Dante Alighieri;2025-04-07;48,9;ERR
2003;Palazzo Comunale – Piazza Libertà;2025-04-07;269,0;OK
2004;Palazzo Comunale – Piazza Libertà;2025-04-07;70,2;OK
2005;Biblioteca Civica;2025-04-07;117,2;OK
2006;Asilo Nido Girotondo;2025-04-07;74,0;OK
2007;Asilo Nido Girotondo;2025-04-07;27,7;OK
2008;Piscina Comunale;2025-04-07;1.253,8;OK
2009;Piscina Comunale;2025-04-07;184,5;OK
2010;Centro Sportivo Città di Lodi;2025-04-07;219,4;OK
2001;Scuola Primaria Dante Alighieri;2025-04-08;163,2;OK
2002;Scuola Primaria Dante Alighieri;2025-04-08;53,3;OK
2003;Palazzo Comunale – Piazza Libertà;2025-04-08;243,9;OK
2004;Palazzo Comunale – Piazza Libertà;2025-04-08;76,9;OK
2005;Biblioteca Civica;2025-04-08;107,8;OK
2006;Asilo Nido Girotondo;2025-04-08;71,7;OK
2007;Asilo Nido Girotondo;2025-04-08;31,5;OK
2008;Piscina Comunale;2025-04-08;1.298,6;OK
2009;Piscina Comunale;2025-04-08;237,4;OK
2010;Centro Sportivo Città di Lodi;2025-04-08;250,1;ERR
2001;Scuola Primaria Dante Alighieri;2025-04-09;137,8;OK
2002;Scuola Primaria Dante Alighieri;2025-04-09;51,7;OK
2003;Palazzo Comunale – Piazza Libertà;2025-04-09;245,5;OK
2004;Palazzo Comunale – Piazza Libertà;2025-04-09;82,1;OK
2005;Biblioteca Civica;2025-04-09;96,2;OK
2006;Asilo Nido Girotondo;2025-04-09;70,6;OK
2007;Asilo Nido Girotondo;2025-04-09;38,9;OK
2008;Piscina Comunale;2025-04-09;1.184,4;OK
2009;Piscina Comunale;2025-04-09;192,1;OK
2010;Centro Sportivo Città di Lodi;2025-04-09;228,4;OK
2001;Scuola Primaria Dante Alighieri;2025-04-10;165,3;OK
2002;Scuola Primaria Dante Alighieri;2025-04-10;45,5;STIMA
2003;Palazzo Comunale – Piazza Libertà;2025-04-10;282,4;OK
2004;Palazzo Comunale – Piazza Libertà;2025-04-10;64,8;OK
2005;Biblioteca Civica;2025-04-10;117,1;OK
2006;Asilo Nido Girotondo;2025-04-10;78,6;OK
2007;Asilo Nido Girotondo;2025-04-10;34,6;OK
2008;Piscina Comunale;2025-04-10;1.177,7;OK
2009;Piscina Comunale;2025-04-10;198,5;OK
2010;Centro Sportivo Città di Lodi;2025-04-10;235,5;OK
2001;Scuola Primaria Dante Alighieri;2025-04-11;157,5;OK
2002;Scuola Primaria Dante Alighieri;2025-04-11;48,0;OK
2003;Palazzo Comunale – Piazza Libertà;2025-04-11;243,2;OK
2004;Palazzo Comunale – Piazza Libertà;2025-04-11;84,5;OK
2005;Biblioteca Civica;2025-04-11;111,8;OK
2006;Asilo Nido Girotondo;2025-04-11;68,4;OK
2007;Asilo Nido Girotondo;2025-04-11;38,8;OK
2008;Piscina Comunale;2025-04-11;1.240,6;OK
2009;Piscina Comunale;2025-04-11;209,5;STIMA
2010;Centro Sportivo Città di Lodi;2025-04-11;211,6;OK
2001;Scuola Primaria Dante Alighieri;2025-04-12;88,0;OK
2002;Scuola Primaria Dante Alighieri;2025-04-12;36,1;STIMA
2003;Palazzo Comunale – Piazza Libertà;2025-04-12;132,8;OK
2004;Palazzo Comunale – Piazza Libertà;2025-04-12;84,6;OK
2005;Biblioteca Civica;2025-04-12;54,2;OK
2006;Asilo Nido Girotondo;2025-04-12;47,0;OK
2007;Asilo Nido Girotondo;2025-04-12;35,0;OK
2008;Piscina Comunale;2025-04-12;643,1;OK
2009;Piscina Comunale;2025-04-12;177,1;STIMA
2010;Centro Sportivo Città di Lodi;2025-04-12;143,1;OK
2001;Scuola Primaria Dante Alighieri;2025-04-13;90,9;OK
2002;Scuola Primaria Dante Alighieri;2025-04-13;56,1;OK
2003;Palazzo Comunale – Piazza Libertà;2025-04-13;144,1;OK
2004;Palazzo Comunale – Piazza Libertà;2025-04-13;61,5;OK
2005;Biblioteca Civica;2025-04-13;69,7;OK
2006;Asilo Nido Girotondo;2025-04-13;47,5;OK
2007;Asilo Nido Girotondo;2025-04-13;34,9;STIMA
2008;Piscina Comunale;2025-04-13;704,1;OK
2009;Piscina Comunale;2025-04-13;188,8;OK
2010;Centro Sportivo Città di Lodi;2025-04-13;137,0;OK
2001;Scuola Primaria Dante Alighieri;2025-04-14;160,2;OK
2002;Scuola Primaria Dante Alighieri;2025-04-14;53,6;OK
2003;Palazzo Comunale – Piazza Libertà;2025-04-14;249,0;OK
2004;Palazzo Comunale – Piazza Libertà;2025-04-14;67,7;OK
2005;Biblioteca Civica;2025-04-14;99,1;OK
2006;Asilo Nido Girotondo;2025-04-14;72,1;OK
2007;Asilo Nido Girotondo;2025-04-14;32,8;OK
2008;Piscina Comunale;2025-04-14;1.266,0;OK
2009;Piscina Comunale;2025-04-14;215,1;OK
2010;Centro Sportivo Città di Lodi;2025-04-14;209,5;OK
2001;Scuola Primaria Dante Alighieri;2025-04-15;163,9;OK
2002;Scuola Primaria Dante Alighieri;2025-04-15;39,9;OK
2003;Palazzo Comunale – Piazza Libertà;2025-04-15;282,2;OK
2004;Palazzo Comunale – Piazza Libertà;2025-04-15;77,0;OK
2005;Biblioteca Civica;2025-04-15;113,0;OK
2006;Asilo Nido Girotondo;2025-04-15;78,9;OK
2007;Asilo Nido Girotondo;2025-04-15;29,2;OK
2008;Piscina Comunale;2025-04-15;1.216,4;OK
2009;Piscina Comunale;2025-04-15;187,1;ERR
2010;Centro Sportivo Città di Lodi;2025-04-15;248,7;OK
2001;Scuola Primaria Dante Alighieri;2025-04-16;133,3;OK
2002;Scuola Primaria Dante Alighieri;2025-04-16;42,7;OK
2003;Palazzo Comunale – Piazza Libertà;2025-04-16;271,4;OK
2004;Palazzo Comunale – Piazza Libertà;2025-04-16;89,0;OK
2005;Biblioteca Civica;2025-04-16;106,2;OK
2006;Asilo Nido Girotondo;2025-04-16;81,3;OK
2007;Asilo Nido Girotondo;2025-04-16;31,9;OK
2008;Piscina Comunale;2025-04-16;1.168,2;OK
2009;Piscina Comunale;2025-04-16;174,1;OK
2010;Centro Sportivo Città di Lodi;2025-04-16;225,1;OK
2001;Scuola Primaria Dante Alighieri;2025-04-17;161,3;OK
2002;Scuola Primaria Dante Alighieri;2025-04-17;48,6;OK
2003;Palazzo Comunale – Piazza Libertà;2025-04-17;257,9;OK
2004;Palazzo Comunale – Piazza Libertà;2025-04-17;50,6;OK
2005;Biblioteca Civica;2025-04-17;109,8;OK
2006;Asilo Nido Girotondo;2025-04-17;73,3;OK
2007;Asilo Nido Girotondo;2025-04-17;33,7;OK
2008;Piscina Comunale;2025-04-17;1.308,4;OK
2009;Piscina Comunale;2025-04-17;175,6;OK
2010;Centro Sportivo Città di Lodi;2025-04-17;233,0;OK
2001;Scuola Primaria Dante Alighieri;2025-04-18;160,4;OK
2002;Scuola Primaria Dante Alighieri;2025-04-18;46,9;OK
2003;Palazzo Comunale – Piazza Libertà;2025-04-18;272,1;OK
2004;Palazzo Comunale – Piazza Libertà;2025-04-18;60,4;OK
2005;Biblioteca Civica;2025-04-18;94,5;OK
2006;Asilo Nido Girotondo;2025-04-18;65,9;OK
2007;Asilo Nido Girotondo;2025-04-18;35,1;OK
2008;Piscina Comunale;2025-04-18;1.290,8;OK
2009;Piscina Comunale;2025-04-18;185,9;OK
2010;Centro Sportivo Città di Lodi;2025-04-18;225,6;OK
2001;Scuola Primaria Dante Alighieri;2025-04-19;80,7;OK
2002;Scuola Primaria Dante Alighieri;2025-04-19;47,3;OK
2003;Palazzo Comunale – Piazza Libertà;2025-04-19;133,5;OK
2004;Palazzo Comunale – Piazza Libertà;2025-04-19;49,9;OK
2005;Biblioteca Civica;2025-04-19;59,5;OK
2006;Asilo Nido Girotondo;2025-04-19;43,6;OK
2007;Asilo Nido Girotondo;2025-04-19;22,9;OK
2008;Piscina Comunale;2025-04-19;739,1;STIMA
2009;Piscina Comunale;2025-04-19;204,1;OK
2010;Centro Sportivo Città di Lodi;2025-04-19;110,6;OK
2001;Scuola Primaria Dante Alighieri;2025-04-20;65,2;OK
2002;Scuola Primaria Dante Alighieri;2025-04-20;33,2;OK
2003;Palazzo Comunale – Piazza Libertà;2025-04-20;149,5;OK
2004;Palazzo Comunale – Piazza Libertà;2025-04-20;70,2;OK
2005;Biblioteca Civica;2025-04-20;68,6;OK
2006;Asilo Nido Girotondo;2025-04-20;35,9;OK
2007;Asilo Nido Girotondo;2025-04-20;19,6;OK
2008;Piscina Comunale;2025-04-20;726,3;STIMA
2009;Piscina Comunale;2025-04-20;188,0;OK
2010;Centro Sportivo Città di Lodi;2025-04-20;119,7;OK
2001;Scuola Primaria Dante Alighieri;2025-04-21;146,6;OK
2002;Scuola Primaria Dante Alighieri;2025-04-21;39,0;OK
2003;Palazzo Comunale – Piazza Libertà;2025-04-21;253,9;OK
2004;Palazzo Comunale – Piazza Libertà;2025-04-21;60,5;OK
2005;Biblioteca Civica;2025-04-21;109,2;OK
2006;Asilo Nido Girotondo;2025-04-21;70,7;OK
2007;Asilo Nido Girotondo;2025-04-21;33,3;OK
2008;Piscina Comunale;2025-04-21;1.165,1;OK
2009;Piscina Comunale;2025-04-21;130,1;OK
2010;Centro Sportivo Città di Lodi;2025-04-21;241,3;OK
2001;Scuola Primaria Dante Alighieri;2025-04-22;140,9;OK
2002;Scuola Primaria Dante Alighieri;2025-04-22;33,4;OK
2003;Palazzo Comunale – Piazza Libertà;2025-04-22;266,4;OK
2004;Palazzo Comunale – Piazza Libertà;2025-04-22;82,6;OK
2005;Biblioteca Civica;2025-04-22;99,4;OK
2006;Asilo Nido Girotondo;2025-04-22;66,3;OK
2007;Asilo Nido Girotondo;2025-04-22;25,6;OK
2008;Piscina Comunale;2025-04-22;1.293,2;OK
2009;Piscina Comunale;2025-04-22;203,3;OK
2010;Centro Sportivo Città di Lodi;2025-04-22;240,9;OK
2001;Scuola Primaria Dante Alighieri;2025-04-23;138,8;OK
2002;Scuola Primaria Dante Alighieri;2025-04-23;30,5;ERR
2003;Palazzo Comunale – Piazza Libertà;2025-04-23;272,2;ERR
2004;Palazzo Comunale – Piazza Libertà;2025-04-23;43,4;OK
2005;Biblioteca Civica;2025-04-23;115,5;OK
2006;Asilo Nido Girotondo;2025-04-23;68,8;OK
2007;Asilo Nido Girotondo;2025-04-23;24,3;OK
2008;Piscina Comunale;2025-04-23;1.180,5;ERR
2009;Piscina Comunale;2025-04-23;155,0;OK
2010;Centro Sportivo Città di Lodi;2025-04-23;234,6;OK
2001;Scuola Primaria Dante Alighieri;2025-04-24;136,4;OK
2002;Scuola Primaria Dante Alighieri;2025-04-24;44,3;OK
2003;Palazzo Comunale – Piazza Libertà;2025-04-24;235,7;OK
2004;Palazzo Comunale – Piazza Libertà;2025-04-24;45,3;OK
2005;Biblioteca Civica;2025-04-24;106,0;OK
2006;Asilo Nido Girotondo;2025-04-24;67,9;OK
2007;Asilo Nido Girotondo;2025-04-24;18,6;OK
2008;Piscina Comunale;2025-04-24;1.147,0;OK
2009;Piscina Comunale;2025-04-24;124,0;OK
2010;Centro Sportivo Città di Lodi;2025-04-24;244,8;OK
2001;Scuola Primaria Dante Alighieri;2025-04-25;131,3;OK
2002;Scuola Primaria Dante Alighieri;2025-04-25;25,5;OK
2003;Palazzo Comunale – Piazza Libertà;2025-04-25;237,0;OK
2004;Palazzo Comunale – Piazza Libertà;2025-04-25;44,6;STIMA
2005;Biblioteca Civica;2025-04-25;105,7;OK
2006;Asilo Nido Girotondo;2025-04-25;74,8;OK
2007;Asilo Nido Girotondo;2025-04-25;30,8;OK
2008;Piscina Comunale;2025-04-25;1.259,2;OK
2009;Piscina Comunale;2025-04-25;132,4;OK
2010;Centro Sportivo Città di Lodi;2025-04-25;212,8;OK
2001;Scuola Primaria Dante Alighieri;2025-04-26;78,4;OK
2002;Scuola Primaria Dante Alighieri;2025-04-26;39,4;OK
2003;Palazzo Comunale – Piazza Libertà;2025-04-26;145,8;OK
2004;Palazzo Comunale – Piazza Libertà;2025-04-26;74,3;OK
2005;Biblioteca Civica;2025-04-26;64,0;OK
2006;Asilo Nido Girotondo;2025-04-26;40,5;OK
2007;Asilo Nido Girotondo;2025-04-26;33,5;OK
2008;Piscina Comunale;2025-04-26;747,1;OK
2009;Piscina Comunale;2025-04-26;114,7;OK
2010;Centro Sportivo Città di Lodi;2025-04-26;117,8;OK
2001;Scuola Primaria Dante Alighieri;2025-04-27;64,3;OK
2002;Scuola Primaria Dante Alighieri;2025-04-27;45,9;STIMA
2003;Palazzo Comunale – Piazza Libertà;2025-04-27;134,3;OK
2004;Palazzo Comunale – Piazza Libertà;2025-04-27;76,2;OK
2005;Biblioteca Civica;2025-04-27;44,5;OK
2006;Asilo Nido Girotondo;2025-04-27;33,7;OK
2007;Asilo Nido Girotondo;2025-04-27;19,5;OK
2008;Piscina Comunale;2025-04-27;660,4;OK
2009;Piscina Comunale;2025-04-27;158,5;OK
2010;Centro Sportivo Città di Lodi;2025-04-27;105,0;OK
2001;Scuola Primaria Dante Alighieri;2025-04-28;143,6;OK
2002;Scuola Primaria Dante Alighieri;2025-04-28;25,5;OK
2003;Palazzo Comunale – Piazza Libertà;2025-04-28;264,6;OK
2004;Palazzo Comunale – Piazza Libertà;2025-04-28;71,0;OK
2005;Biblioteca Civica;2025-04-28;114,3;OK
2006;Asilo Nido Girotondo;2025-04-28;66,5;OK
2007;Asilo Nido Girotondo;2025-04-28;22,4;STIMA
2008;Piscina Comunale;2025-04-28;1.267,5;OK
2009;Piscina Comunale;2025-04-28;158,5;OK
2010;Centro Sportivo Città di Lodi;2025-04-28;208,4;OK
2001;Scuola Primaria Dante Alighieri;2025-04-29;135,0;OK
2002;Scuola Primaria Dante Alighieri;2025-04-29;35,7;OK
2003;Palazzo Comunale – Piazza Libertà;2025-04-29;259,1;STIMA
2004;Palazzo Comunale – Piazza Libertà;2025-04-29;65,3;OK
2005;Biblioteca Civica;2025-04-29;99,8;OK
2006;Asilo Nido Girotondo;2025-04-29;66,4;OK
2007;Asilo Nido Girotondo;2025-04-29;15,0;OK
2008;Piscina Comunale;2025-04-29;1.189,5;OK
2009;Piscina Comunale;2025-04-29;143,3;OK
2010;Centro Sportivo Città di Lodi;2025-04-29;194,4;OK
2001;Scuola Primaria Dante Alighieri;2025-04-30;146,8;OK
2002;Scuola Primaria Dante Alighieri;2025-04-30;29,6;OK
2003;Palazzo Comunale – Piazza Libertà;2025-04-30;234,1;OK
2004;Palazzo Comunale – Piazza Libertà;2025-04-30;70,3;OK
2005;Biblioteca Civica;2025-04-30;112,5;OK
2006;Asilo Nido Girotondo;2025-04-30;63,9;OK
2007;Asilo Nido Girotondo;2025-04-30;14,9;OK
2008;Piscina Comunale;2025-04-30;1.203,7;OK
2009;Piscina Comunale;2025-04-30;119,1;OK
2010;Centro Sportivo Città di Lodi;2025-04-30;235,3;OK
2001;Scuola Primaria Dante Alighieri;2025-05-01;149,5;OK
2002;Scuola Primaria Dante Alighieri;2025-05-01;36,5;OK
2003;Palazzo Comunale – Piazza Libertà;2025-05-01;276,0;OK
2004;Palazzo Comunale – Piazza Libertà;2025-05-01
2005;Biblioteca Civica;2025-05-01;90,5;OK
2006;Asilo Nido Girotondo;2025-05-01;71,5;OK
2007;Asilo Nido Girotondo;2025-05-01;18,2;OK
2008;Piscina Comunale;2025-05-01;1.271,3;OK
2009;Piscina Comunale;2025-05-01;173,4;OK
2010;Centro Sportivo Città di Lodi;2025-05-01;201,2;OK
2001;Scuola Primaria Dante Alighieri;2025-05-02;151,1;OK
2002;Scuola Primaria Dante Alighieri;2025-05-02;24,2;OK
2003;Palazzo Comunale – Piazza Libertà;2025-05-02;272,9;OK
2004;Palazzo Comunale – Piazza Libertà;2025-05-02;65,6;OK
2005;Biblioteca Civica;2025-05-02;103,1;OK
2006;Asilo Nido Girotondo;2025-05-02;66,5;OK
2007;Asilo Nido Girotondo;2025-05-02;27,6;OK
2008;Piscina Comunale;2025-05-02;1.275,4;OK
2009;Piscina Comunale;2025-05-02;146,0;OK
2010;Centro Sportivo Città di Lodi;2025-05-02;214,1;OK
2001;Scuola Primaria Dante Alighieri;2025-05-03;66,9;OK
2002;Scuola Primaria Dante Alighieri;2025-05-03;21,2;OK
2003;Palazzo Comunale – Piazza Libertà;2025-05-03;130,2;OK
2004;Palazzo Comunale – Piazza Libertà;2025-05-03;31,1;OK
2005;Biblioteca Civica;2025-05-03;61,5;OK
2006;Asilo Nido Girotondo;2025-05-03;32,4;OK
2007;Asilo Nido Girotondo;2025-05-03;16,3;OK
2008;Piscina Comunale;2025-05-03;605,2;OK
2009;Piscina Comunale;2025-05-03;99,8;OK
2010;Centro Sportivo Città di Lodi;2025-05-03;141,9;STIMA
2001;Scuola Primaria Dante Alighieri;2025-05-04;62,0;OK
2002;Scuola Primaria Dante Alighieri;2025-05-04;25,7;OK
2003;Palazzo Comunale – Piazza Libertà;2025-05-04;120,6;OK
2004;Palazzo Comunale – Piazza Libertà;2025-05-04;66,0;OK
2005;Biblioteca Civica;2025-05-04;54,4;OK
2006;Asilo Nido Girotondo;2025-05-04;35,0;OK
2007;Asilo Nido Girotondo;2025-05-04;15,3;OK
2008;Piscina Comunale;2025-05-04;590,2;OK
2009;Piscina Comunale;2025-05-04;112,9;OK
2010;Centro Sportivo Città di Lodi;2025-05-04;124,6;OK
2001;Scuola Primaria Dante Alighieri;2025-05-05;147,1;OK
2002;Scuola Primaria Dante Alighieri;2025-05-05;23,4;OK
2003;Palazzo Comunale – Piazza Libertà;2025-05-05;246,4;OK
2004;Palazzo Comunale – Piazza Libertà;2025-05-05;59,7;OK
2005;Biblioteca Civica;2025-05-05;107,7;OK
2006;Asilo Nido Girotondo;2025-05-05;64,1;OK
2007;Asilo Nido Girotondo;2025-05-05;27,8;ERR
2008;Piscina Comunale;2025-05-05;1.175,9;OK
2009;Piscina Comunale;2025-05-05;98,0;OK
2010;Centro Sportivo Città di Lodi;2025-05-05;211,9;OK
2001;Scuola Primaria Dante Alighieri;2025-05-06;154,7;OK
2002;Scuola Primaria Dante Alighieri;2025-05-06;26,6;OK
2003;Palazzo Comunale – Piazza Libertà;2025-05-06;256,6;OK
2004;Palazzo Comunale – Piazza Libertà;2025-05-06;61,3;OK
2005;Biblioteca Civica;2025-05-06;108,8;OK
2006;Asilo Nido Girotondo;2025-05-06;74,9;OK
2007;Asilo Nido Girotondo;2025-05-06;25,5;OK
2008;Piscina Comunale;2025-05-06;1.124,4;OK
2009;Piscina Comunale;2025-05-06;144,0;OK
2010;Centro Sportivo Città di Lodi;2025-05-06;231,9;OK
2001;Scuola Primaria Dante Alighieri;2025-05-07;137,9;OK
2002;Scuola Primaria Dante Alighieri;2025-05-07;31,9;OK
2003;Palazzo Comunale – Piazza Libertà;2025-05-07;241,5;OK
2004;Palazzo Comunale – Piazza Libertà;2025-05-07;37,8;OK
2005;Biblioteca Civica;2025-05-07;99,9;OK
2006;Asilo Nido Girotondo;2025-05-07;65,6;OK
2007;Asilo Nido Girotondo;2025-05-07;21,1;OK
2008;Piscina Comunale;2025-05-07;1.148,1;OK
2009;Piscina Comunale;2025-05-07;145,4;OK
2010;Centro Sportivo Città di Lodi;2025-05-07;191,9;OK
2001;Scuola Primaria Dante Alighieri;2025-05-08;137,4;OK
2002;Scuola Primaria Dante Alighieri;2025-05-08;30,3;OK
2003;Palazzo Comunale – Piazza Libertà;2025-05-08;238,0;STIMA
2004;Palazzo Comunale – Piazza Libertà;2025-05-08;44,2;OK
2005;Biblioteca Civica;2025-05-08;107,1;OK
2006;Asilo Nido Girotondo;2025-05-08;61,8;OK
2007;Asilo Nido Girotondo;2025-05-08;22,8;OK
2008;Piscina Comunale;2025-05-08;1.228,3;OK
2009;Piscina Comunale;2025-05-08;161,3;OK
2010;Centro Sportivo Città di Lodi;2025-05-08;215,8;OK
2001;Scuola Primaria Dante Alighieri;2025-05-09;136,1;OK
2002;Scuola Primaria Dante Alighieri;2025-05-09;21,6;OK
2003;Palazzo Comunale – Piazza Libertà;2025-05-09;237,8;OK
2004;Palazzo Comunale – Piazza Libertà;2025-05-09;60,0;OK
2005;Biblioteca Civica;2025-05-09;102,5;OK
2006;Asilo Nido Girotondo;2025-05-09;64,0;OK
2007;Asilo Nido Girotondo;2025-05-09;20,9;OK
2008;Piscina Comunale;2025-05-09;1.193,5;OK
2009;Piscina Comunale;2025-05-09;138,8;OK
2010;Centro Sportivo Città di Lodi;2025-05-09;233,8;OK
2001;Scuola Primaria Dante Alighieri;2025-05-10;64,0;OK
2002;Scuola Primaria Dante Alighieri;2025-05-10;20,0;OK
2003;Palazzo Comunale – Piazza Libertà;2025-05-10;158,9;STIMA
2004;Palazzo Comunale – Piazza Libertà;2025-05-10;26,0;OK
2005;Biblioteca Civica;2025-05-10;59,6;OK
2006;Asilo Nido Girotondo;2025-05-10;42,0;OK
2007;Asilo Nido Girotondo;2025-05-10;17,4;OK
2008;Piscina Comunale;2025-05-10;646,7;OK
2009;Piscina Comunale;2025-05-10;132,1;STIMA
2010;Centro Sportivo Città di Lodi;2025-05-10;120,2;OK
2001;Scuola Primaria Dante Alighieri;2025-05-11;70,4;OK
2002;Scuola Primaria Dante Alighieri;2025-05-11;25,7;STIMA
2003;Palazzo Comunale – Piazza Libertà;2025-05-11;150,6;OK
2004;Palazzo Comunale – Piazza Libertà;2025-05-11;44,3;OK
2005;Biblioteca Civica;2025-05-11;45,8;OK
2006;Asilo Nido Girotondo;2025-05-11;36,4;OK
2007;Asilo Nido Girotondo;2025-05-11;17,7;OK
2008;Piscina Comunale;2025-05-11;588,1;STIMA
2009;Piscina Comunale;2025-05-11;136,5;OK
2010;Centro Sportivo Città di Lodi;2025-05-11;108,1;OK
2001;Scuola Primaria Dante Alighieri;2025-05-12;137,9;OK
2002;Scuola Primaria Dante Alighieri;2025-05-12;14,3;OK
2003;Palazzo Comunale – Piazza Libertà;2025-05-12;254,3;OK
2004;Palazzo Comunale – Piazza Libertà;2025-05-12;21,4;OK
2005;Biblioteca Civica;2025-05-12;103,8;OK
2006;Asilo Nido Girotondo;2025-05-12;71,8;OK
2007;Asilo Nido Girotondo;2025-05-12;24,4;OK
2008;Piscina Comunale;2025-05-12;1.220,3;OK
2009;Piscina Comunale;2025-05-12;103,9;OK
2010;Centro Sportivo Città di Lodi;2025-05-12;211,8;OK
2001;Scuola Primaria Dante Alighieri;2025-05-13;130,3;STIMA
2002;Scuola Primaria Dante Alighieri;2025-05-13;24,1;OK
2003;Palazzo Comunale – Piazza Libertà;2025-05-13;225,5;OK
2004;Palazzo Comunale – Piazza Libertà;2025-05-13;45,2;OK
2005;Biblioteca Civica;2025-05-13;103,2;OK
2006;Asilo Nido Girotondo;2025-05-13;70,2;OK
2007;Asilo Nido Girotondo;2025-05-13;21,0;OK
2008;Piscina Comunale;2025-05-13;1.127,4;OK
2009;Piscina Comunale;2025-05-13;83,1;OK
2010;Centro Sportivo Città di Lodi;2025-05-13;228,9;OK
2001;Scuola Primaria Dante Alighieri;2025-05-14;149,9;OK
2002;Scuola Primaria Dante Alighieri;2025-05-14;14,4;OK
2003;Palazzo Comunale – Piazza Libertà;2025-05-14;220,5;OK
2004;Palazzo Comunale – Piazza Libertà;2025-05-14;32,8;OK
2005;Biblioteca Civica;2025-05-14;90,5;STIMA
2006;Asilo Nido Girotondo;2025-05-14;76,1;OK
2007;Asilo Nido Girotondo;2025-05-14;14,7;STIMA
2008;Piscina Comunale;2025-05-14;1.217,9;OK
2009;Piscina Comunale;2025-05-14;150,7;OK
2010;Centro Sportivo Città di Lodi;2025-05-14;228,3;OK
2001;Scuola Primaria Dante Alighieri;2025-05-15;148,7;ERR
2002;Scuola Primaria Dante Alighieri;2025-05-15;15,1;OK
2003;Palazzo Comunale – Piazza Libertà;2025-05-15;227,6;OK
2004;Palazzo Comunale – Piazza Libertà;2025-05-15;32,3;OK
2005;Biblioteca Civica;2025-05-15;96,5;OK
2006;Asilo Nido Girotondo;2025-05-15;72,0;OK
2007;Asilo Nido Girotondo;2025-05-15;24,1;OK
2008;Piscina Comunale;2025-05-15;1.219,6;OK
2009;Piscina Comunale;2025-05-15;104,9;OK
2010;Centro Sportivo Città di Lodi;2025-05-15;189,9;OK
2001;Scuola Primaria Dante Alighieri;2025-05-16;121,9;OK
2002;Scuola Primaria Dante Alighieri;2025-05-16;35,8;OK
2003;Palazzo Comunale – Piazza Libertà;2025-05-16;249,1;OK
2004;Palazzo Comunale – Piazza Libertà;2025-05-16;54,3;OK
2005;Biblioteca Civica;2025-05-16;102,5;OK
2006;Asilo Nido Girotondo;2025-05-16;63,5;ERR
2007;Asilo Nido Girotondo;2025-05-16;22,4;OK
2008;Piscina Comunale;2025-05-16;1.230,7;OK
2009;Piscina Comunale;2025-05-16;86,4;OK
2010;Centro Sportivo Città di Lodi;2025-05-16;206,4;OK
2001;Scuola Primaria Dante Alighieri;2025-05-17;71,4;OK
2002;Scuola Primaria Dante Alighieri;2025-05-17;21,7;OK
2003;Palazzo Comunale – Piazza Libertà;2025-05-17;119,8;OK
2004;Palazzo Comunale – Piazza Libertà;2025-05-17;34,5;OK
2005;Biblioteca Civica;2025-05-17;42,3;OK
2006;Asilo Nido Girotondo;2025-05-17;36,1;STIMA
2007;Asilo Nido Girotondo;2025-05-17;15,8;OK
2008;Piscina Comunale;2025-05-17;573,8;OK
2009;Piscina Comunale;2025-05-17;78,9;OK
2010;Centro Sportivo Città di Lodi;2025-05-17;98,1;OK
2001;Scuola Primaria Dante Alighieri;2025-05-18;79,8;OK
2002;Scuola Primaria Dante Alighieri;2025-05-18;33,6;ERR
2003;Palazzo Comunale – Piazza Libertà;2025-05-18;116,5;OK
2004;Palazzo Comunale – Piazza Libertà;2025-05-18;32,4;OK
2005;Biblioteca Civica;2025-05-18;55,4;OK
2006;Asilo Nido Girotondo;2025-05-18;44,3;OK
2007;Asilo Nido Girotondo;2025-05-18;18,7;OK
2008;Piscina Comunale;2025-05-18;644,5;OK
2009;Piscina Comunale;2025-05-18;102,6;STIMA
2010;Centro Sportivo Città di Lodi;2025-05-18;114,6;ERR
2001;Scuola Primaria Dante Alighieri;2025-05-19;129,2;OK
2002;Scuola Primaria Dante Alighieri;2025-05-19;16,5;OK
2003;Palazzo Comunale – Piazza Libertà;2025-05-19;267,8;OK
2004;Palazzo Comunale – Piazza Libertà;2025-05-19;38,7;STIMA
2005;Biblioteca Civica;2025-05-19;92,4;OK
2006;Asilo Nido Girotondo;2025-05-19;61,5;OK
2007;Asilo Nido Girotondo;2025-05-19;14,4;OK
2008;Piscina Comunale;2025-05-19;1.122,6;OK
2009;Piscina Comunale;2025-05-19;76,5;OK
2010;Centro Sportivo Città di Lodi;2025-05-19;220,7;OK
2001;Scuola Primaria Dante Alighieri;2025-05-20;144,6;OK
2002;Scuola Primaria Dante Alighieri;2025-05-20;26,6;OK
2003;Palazzo Comunale – Piazza Libertà;2025-05-20;259,0;OK
2004;Palazzo Comunale – Piazza Libertà;2025-05-20;46,2;OK
2005;Biblioteca Civica;2025-05-20;99,9;OK
2006;Asilo Nido Girotondo;2025-05-20;68,2;STIMA
2007;Asilo Nido Girotondo;2025-05-20;5,9;OK
2008;Piscina Comunale;2025-05-20;1.187,2;OK
2009;Piscina Comunale;2025-05-20;103,6;OK
2010;Centro Sportivo Città di Lodi;2025-05-20;190,7;OK
2001;Scuola Primaria Dante Alighieri;2025-05-21;123,9;OK
2002;Scuola Primaria Dante Alighieri;2025-05-21;7,1;OK
2003;Palazzo Comunale – Piazza Libertà;2025-05-21;216,8;OK
2004;Palazzo Comunale – Piazza Libertà;2025-05-21;45,2;OK
2005;Biblioteca Civica;2025-05-21;99,4;OK
2006;Asilo Nido Girotondo;2025-05-21;69,8;OK
2007;Asilo Nido Girotondo;2025-05-21;5,5;OK
2008;Piscina Comunale;2025-05-21;1.203,2;OK
2009;Piscina Comunale;2025-05-21;108,2;OK
2010;Centro Sportivo Città di Lodi;2025-05-21;199,5;OK
2001;Scuola Primaria Dante Alighieri;2025-05-22;147,6;OK
2002;Scuola Primaria Dante Alighieri;2025-05-22;30,2;OK
2003;Palazzo Comunale – Piazza Libertà;2025-05-22;229,2;OK
2004;Palazzo Comunale – Piazza Libertà;2025-05-22;42,6;OK
2005;Biblioteca Civica;2025-05-22;90,3;OK
2006;Asilo Nido Girotondo;2025-05-22;64,3;OK
2007;Asilo Nido Girotondo;2025-05-22;6,2;OK
2008;Piscina Comunale;2025-05-22;1.114,5;OK
2009;Piscina Comunale;2025-05-22;97,2;OK
2010;Centro Sportivo Città di Lodi;2025-05-22;221,9;OK
2001;Scuola Primaria Dante Alighieri;2025-05-23;123,5;OK
2002;Scuola Primaria Dante Alighieri;2025-05-23;23,7;OK
2003;Palazzo Comunale – Piazza Libertà;2025-05-23;256,8;OK
2004;Palazzo Comunale – Piazza Libertà;2025-05-23;46,3;OK
2005;Biblioteca Civica;2025-05-23;97,0;OK
2006;Asilo Nido Girotondo;2025-05-23;59,8;OK
2007;Asilo Nido Girotondo;2025-05-23;10,9;OK
2008;Piscina Comunale;2025-05-23;1.163,3;OK
2009;Piscina Comunale;2025-05-23;78,4;OK
2010;Centro Sportivo Città di Lodi;2025-05-23;194,1;OK
2001;Scuola Primaria Dante Alighieri;2025-05-24;77,9;OK
2002;Scuola Primaria Dante Alighieri;2025-05-24;11,3;OK
2003;Palazzo Comunale – Piazza Libertà;2025-05-24;116,4;OK
2004;Palazzo Comunale – Piazza Libertà;2025-05-24;26,8;OK
2005;Biblioteca Civica;2025-05-24;64,3;OK
2006;Asilo Nido Girotondo;2025-05-24;41,2;ERR
2007;Asilo Nido Girotondo;2025-05-24;10,6;OK
2008;Piscina Comunale;2025-05-24;688,2;OK
2009;Piscina Comunale;2025-05-24;93,2;OK
2010;Centro Sportivo Città di Lodi;2025-05-24;97,5;OK
2001;Scuola Primaria Dante Alighieri;2025-05-25;66,8;OK
2002;Scuola Primaria Dante Alighieri;2025-05-25;25,9;OK
2003;Palazzo Comunale – Piazza Libertà;2025-05-25;131,7;OK
2004;Palazzo Comunale – Piazza Libertà;2025-05-25;44,0;OK
2005;Biblioteca Civica;2025-05-25;54,6;OK
2006;Asilo Nido Girotondo;2025-05-25;31,5;OK
2007;Asilo Nido Girotondo;2025-05-25;11,3;OK
2008;Piscina Comunale;2025-05-25;605,6;OK
2009;Piscina Comunale;2025-05-25;65,1;OK
2010;Centro Sportivo Città di Lodi;2025-05-25;109,1;OK
2001;Scuola Primaria Dante Alighieri;2025-05-26;122,2;OK
2002;Scuola Primaria Dante Alighieri;2025-05-26;22,1;OK
2003;Palazzo Comunale – Piazza Libertà;2025-05-26;239,0;OK
2004;Palazzo Comunale – Piazza Libertà;2025-05-26;28,0;OK
2005;Biblioteca Civica;2025-05-26;98,7;OK
2006;Asilo Nido Girotondo;2025-05-26;65,0;OK
2007;Asilo Nido Girotondo;2025-05-26;3,9;OK
2008;Piscina Comunale;2025-05-26;1.222,9;OK
2009;Piscina Comunale;2025-05-26;64,8;OK
2010;Centro Sportivo Città di Lodi;2025-05-26;205,6;OK
2001;Scuola Primaria Dante Alighieri;2025-05-27;132,1;OK
2002;Scuola Primaria Dante Alighieri;2025-05-27;15,3;OK
2003;Palazzo Comunale – Piazza Libertà;2025-05-27;216,8;STIMA
2004;Palazzo Comunale – Piazza Libertà;2025-05-27;7,5;OK
2005;Biblioteca Civica;2025-05-27;83,2;OK
2006;Asilo Nido Girotondo;2025-05-27;62,9;OK
2007;Asilo Nido Girotondo;2025-05-27;11,7;OK
2008;Piscina Comunale;2025-05-27;1.232,5;OK
2009;Piscina Comunale;2025-05-27;49,2;OK
2010;Centro Sportivo Città di Lodi;2025-05-27;195,5;OK
2001;Scuola Primaria Dante Alighieri;2025-05-28;121,8;STIMA
2002;Scuola Primaria Dante Alighieri;2025-05-28;8,4;OK
2003;Palazzo Comunale – Piazza Libertà;2025-05-28;221,0;OK
2004;Palazzo Comunale – Piazza Libertà;2025-05-28;38,3;OK
2005;Biblioteca Civica;2025-05-28;105,1;OK
2006;Asilo Nido Girotondo;2025-05-28;62,0;OK
2007;Asilo Nido Girotondo;2025-05-28;1,3;OK
2008;Piscina Comunale;2025-05-28;1.082,8;OK
2009;Piscina Comunale;2025-05-28;116,8;OK
2010;Centro Sportivo Città di Lodi;2025-05-28;184,1;OK
2001;Scuola Primaria Dante Alighieri;2025-05-29;130,2;OK
2002;Scuola Primaria Dante Alighieri;2025-05-29;3,6;OK
2003;Palazzo Comunale – Piazza Libertà;2025-05-29;256,8;OK
2004;Palazzo Comunale – Piazza Libertà;2025-05-29;40,9;OK
2005;Biblioteca Civica;2025-05-29;105,1;OK
2006;Asilo Nido Girotondo;2025-05-29;64,7;OK
2007;Asilo Nido Girotondo;2025-05-29;5,5;STIMA
2008;Piscina Comunale;2025-05-29;1.198,6;OK
2009;Piscina Comunale;2025-05-29;85,0;OK
2010;Centro Sportivo Città di Lodi;2025-05-29;213,1;OK
2001;Scuola Primaria Dante Alighieri;2025-05-30;147,3;OK
2002;Scuola Primaria Dante Alighieri;2025-05-30;9,0;OK
2003;Palazzo Comunale – Piazza Libertà;2025-05-30;241,2;OK
2004;Palazzo Comunale – Piazza Libertà;2025-05-30;32,5;OK
2005;Biblioteca Civica;2025-05-30;100,3;OK
2006;Asilo Nido Girotondo;2025-05-30;73,7;OK
2007;Asilo Nido Girotondo;2025-05-30;2,3;OK
2008;Piscina Comunale;2025-05-30;1.099,4;OK
2009;Piscina Comunale;2025-05-30;99,2;OK
2010;Centro Sportivo Città di Lodi;2025-05-30;214,3;OK
2001;Scuola Primaria Dante Alighieri;2025-05-31;64,9;OK
2002;Scuola Primaria Dante Alighieri;2025-05-31;23,3;OK
2003;Palazzo Comunale – Piazza Libertà;2025-05-31;137,9;OK
2004;Palazzo Comunale – Piazza Libertà;2025-05-31;26,7;STIMA
2005;Biblioteca Civica;2025-05-31;50,7;OK
2006;Asilo Nido Girotondo;2025-05-31;33,4;OK
2007;Asilo Nido Girotondo;2025-05-31;15,3;OK
2008;Piscina Comunale;2025-05-31;614,1;OK
2009;Piscina Comunale;2025-05-31;83,1;ERR
2010;Centro Sportivo Città di Lodi;2025-05-31;112,9;OK
2001;Scuola Primaria Dante Alighieri;2025-06-01;67,6;OK
2002;Scuola Primaria Dante Alighieri;2025-06-01;2,6;OK
2003;Palazzo Comunale – Piazza Libertà;2025-06-01;114,3;OK
2004;Palazzo Comunale – Piazza Libertà;2025-06-01;27,8;OK
2005;Biblioteca Civica;2025-06-01;60,0;OK
2006;Asilo Nido Girotondo;2025-06-01;38,8;OK
2007;Asilo Nido Girotondo;2025-06-01;17,5;OK
2008;Piscina Comunale;2025-06-01;613,3;OK
2009;Piscina Comunale;2025-06-01;91,1;OK
2010;Centro Sportivo Città di Lodi;2025-06-01;104,2;OK
2001;Scuola Primaria Dante Alighieri;2025-06-02;145,8;OK
2002;Scuola Primaria Dante Alighieri;2025-06-02;17,4;ERR
2003;Palazzo Comunale – Piazza Libertà;2025-06-02;225,4;OK
2004;Palazzo Comunale – Piazza Libertà;2025-06-02;21,6;OK
2005;Biblioteca Civica;2025-06-02;91,3;OK
2006;Asilo Nido Girotondo;2025-06-02;70,8;OK
2007;Asilo Nido Girotondo;2025-06-02;8,0;OK
2008;Piscina Comunale;2025-06-02;1.134,1;OK
2009;Piscina Comunale;2025-06-02;49,6;OK
2010;Centro Sportivo Città di Lodi;2025-06-02;206,4;STIMA
2001;Scuola Primaria Dante Alighieri;2025-06-03;140,2;STIMA
2002;Scuola Primaria Dante Alighieri;2025-06-03;3,0;OK
2003;Palazzo Comunale – Piazza Libertà;2025-06-03;214,1;OK
2004;Palazzo Comunale – Piazza Libertà;2025-06-03;0,9;OK
2005;Biblioteca Civica;2025-06-03;100,0;OK
2006;Asilo Nido Girotondo;2025-06-03;63,4;OK
2007;Asilo Nido Girotondo;2025-06-03;13,2;ERR
2008;Piscina Comunale;2025-06-03;1.171,6;OK
2009;Piscina Comunale;2025-06-03;115,7;STIMA
2010;Centro Sportivo Città di Lodi;2025-06-03;216,9;OK
2001;Scuola Primaria Dante Alighieri;2025-06-04;126,8;OK
2002;Scuola Primaria Dante Alighieri;2025-06-04;6,9;OK
2003;Palazzo Comunale – Piazza Libertà;2025-06-04;212,3;OK
2004;Palazzo Comunale – Piazza Libertà;2025-06-04;19,5;OK
2005;Biblioteca Civica;2025-06-04;87,7;OK
2006;Asilo Nido Girotondo;2025-06-04;63,6;OK
2007;Asilo Nido Girotondo;2025-06-04;15,9;OK
2008;Piscina Comunale;2025-06-04;1.075,7;OK
2009;Piscina Comunale;2025-06-04;83,6;STIMA
2010;Centro Sportivo Città di Lodi;2025-06-04;194,0;OK
2001;Scuola Primaria Dante Alighieri;2025-06-05;140,5;OK
2002;Scuola Primaria Dante Alighieri;2025-06-05;1,6;OK
2003;Palazzo Comunale – Piazza Libertà;2025-06-05;233,8;OK
2004;Palazzo Comunale – Piazza Libertà;2025-06-05;12,8;ERR
2005;Biblioteca Civica;2025-06-05;99,7;OK
2006;Asilo Nido Girotondo;2025-06-05;70,5;OK
2007;Asilo Nido Girotondo;2025-06-05;4,5;OK
2008;Piscina Comunale;2025-06-05;1.167,6;OK
2009;Piscina Comunale;2025-06-05;49,4;OK
2010;Centro Sportivo Città di Lodi;2025-06-05;177,5;OK
2001;Scuola Primaria Dante Alighieri;2025-06-06;135,6;OK
2002;Scuola Primaria Dante Alighieri;2025-06-06;13,8;OK
2003;Palazzo Comunale – Piazza Libertà;2025-06-06;236,5;OK
2004;Palazzo Comunale – Piazza Libertà;2025-06-06;17,9;OK
2005;Biblioteca Civica;2025-06-06;90,7;ERR
2006;Asilo Nido Girotondo;2025-06-06;63,4;OK
2007;Asilo Nido Girotondo;2025-06-06;5,4;STIMA
2008;Piscina Comunale;2025-06-06;1.198,5;OK
2009;Piscina Comunale;2025-06-06;52,5;ERR
2010;Centro Sportivo Città di Lodi;2025-06-06;211,7;OK
2001;Scuola Primaria Dante Alighieri;2025-06-07;72,9;OK
2002;Scuola Primaria Dante Alighieri;2025-06-07;11,6;OK
2003;Palazzo Comunale – Piazza Libertà;2025-06-07;132,4;OK
2004;Palazzo Comunale – Piazza Libertà;2025-06-07;31,5;OK
2005;Biblioteca Civica;2025-06-07;60,5;OK
2006;Asilo Nido Girotondo;2025-06-07;40,0;STIMA
2007;Asilo Nido Girotondo;2025-06-07;5,3;STIMA
2008;Piscina Comunale;2025-06-07;665,9;OK
2009;Piscina Comunale;2025-06-07;37,6;OK
2010;Centro Sportivo Città di Lodi;2025-06-07;111,7;OK
2001;Scuola Primaria Dante Alighieri;2025-06-08;63,0;OK
2002;Scuola Primaria Dante Alighieri;2025-06-08;20,8;OK
2003;Palazzo Comunale – Piazza Libertà;2025-06-08;141,2;OK
2004;Palazzo Comunale – Piazza Libertà;2025-06-08;6,8;STIMA
2005;Biblioteca Civica;2025-06-08;54,8;OK
2006;Asilo Nido Girotondo;2025-06-08;30,7;OK
2007;Asilo Nido Girotondo;2025-06-08;1,3;OK
2008;Piscina Comunale;2025-06-08;575,7;OK
2009;Piscina Comunale;2025-06-08;72,2;OK
2010;Centro Sportivo Città di Lodi;2025-06-08;116,9;OK
2001;Scuola Primaria Dante Alighieri;2025-06-09;117,6;OK
2002;Scuola Primaria Dante Alighieri;2025-06-09;0,0;OK
2003;Palazzo Comunale – Piazza Libertà;2025-06-09;236,4;OK
2004;Palazzo Comunale – Piazza Libertà;2025-06-09;29,5;OK
2005;Biblioteca Civica;2025-06-09;101,8;OK
2006;Asilo Nido Girotondo;2025-06-09;64,2;OK
2007;Asilo Nido Girotondo;2025-06-09;4,2;STIMA
2008;Piscina Comunale;2025-06-09;1.099,7;OK
2009;Piscina Comunale;2025-06-09;28,5;OK
2010;Centro Sportivo Città di Lodi;2025-06-09;181,6;OK
2001;Scuola Primaria Dante Alighieri;2025-06-10;131,6;OK
2002;Scuola Primaria Dante Alighieri;2025-06-10;15,7;OK
2003;Palazzo Comunale – Piazza Libertà;2025-06-10;220,6;OK
2004;Palazzo Comunale – Piazza Libertà;2025-06-10;31,7;OK
2005;Biblioteca Civica;2025-06-10;94,2;OK
2006;Asilo Nido Girotondo;2025-06-10;68,2;OK
2007;Asilo Nido Girotondo;2025-06-10;8,5;OK
2008;Piscina Comunale;2025-06-10;1.187,1;OK
2009;Piscina Comunale;2025-06-10;38,0;OK
2010;Centro Sportivo Città di Lodi;2025-06-10;175,7;OK
2001;Scuola Primaria Dante Alighieri;2025-06-11;132,4;OK
2002;Scuola Primaria Dante Alighieri;2025-06-11;9,7;OK
2003;Palazzo Comunale – Piazza Libertà;2025-06-11;231,9;OK
2004;Palazzo Comunale – Piazza Libertà;2025-06-11;3,6;OK
2005;Biblioteca Civica;2025-06-11;95,5;OK
2006;Asilo Nido Girotondo;2025-06-11;67,0;OK
2007;Asilo Nido Girotondo;2025-06-11;13,7;ERR
2008;Piscina Comunale;2025-06-11;1.191,1;OK
2009;Piscina Comunale;2025-06-11;69,6;OK
2010;Centro Sportivo Città di Lodi;2025-06-11;187,3;OK
2001;Scuola Primaria Dante Alighieri;2025-06-12;112,4;OK
2002;Scuola Primaria Dante Alighieri;2025-06-12;15,5;OK
2003;Palazzo Comunale – Piazza Libertà;2025-06-12;239,6;OK
2004;Palazzo Comunale – Piazza Libertà;2025-06-12;23,8;ERR
2005;Biblioteca Civica;2025-06-12;86,9;OK
2006;Asilo Nido Girotondo;2025-06-12;71,5;OK
2007;Asilo Nido Girotondo;2025-06-12;0,3;OK
2008;Piscina Comunale;2025-06-12;1.151,1;ERR
2009;Piscina Comunale;2025-06-12;67,0;OK
2010;Centro Sportivo Città di Lodi;2025-06-12;206,1;OK
2001;Scuola Primaria Dante Alighieri;2025-06-13;131,6;OK
2002;Scuola Primaria Dante Alighieri;2025-06-13;10,7;OK
2003;Palazzo Comunale – Piazza Libertà;2025-06-13;249,9;OK
2004;Palazzo Comunale – Piazza Libertà;2025-06-13;20,0;OK
2005;Biblioteca Civica;2025-06-13;101,1;OK
2006;Asilo Nido Girotondo;2025-06-13;70,7;OK
2007;Asilo Nido Girotondo;2025-06-13;7,9;OK
2008;Piscina Comunale;2025-06-13;1.120,3;OK
2009;Piscina Comunale;2025-06-13;49,7;OK
2010;Centro Sportivo Città di Lodi;2025-06-13;220,7;OK
2001;Scuola Primaria Dante Alighieri;2025-06-14;63,7;OK
2002;Scuola Primaria Dante Alighieri;2025-06-14;4,6;OK
2003;Palazzo Comunale – Piazza Libertà;2025-06-14;139,1;OK
2004;Palazzo Comunale – Piazza Libertà;2025-06-14;7,7;OK
2005;Biblioteca Civica;2025-06-14;59,6;ERR
2006;Asilo Nido Girotondo;2025-06-14;43,0;OK
2007;Asilo Nido Girotondo;2025-06-14;7,9;OK
2008;Piscina Comunale;2025-06-14;689,6;OK
2009;Piscina Comunale;2025-06-14;102,4;OK
2010;Centro Sportivo Città di Lodi;2025-06-14;124,2;OK
2001;Scuola Primaria Dante Alighieri;2025-06-15;58,6;OK
2002;Scuola Primaria Dante Alighieri;2025-06-15;0,0;OK
2003;Palazzo Comunale – Piazza Libertà;2025-06-15;125,7;STIMA
2004;Palazzo Comunale – Piazza Libertà;2025-06-15;16,1;STIMA
2005;Biblioteca Civica;2025-06-15;40,6;ERR
2006;Asilo Nido Girotondo;2025-06-15;27,2;OK
2007;Asilo Nido Girotondo;2025-06-15;2,4;OK
2008;Piscina Comunale;2025-06-15;580,6;OK
2009;Piscina Comunale;2025-06-15;75,2;OK
2010;Centro Sportivo Città di Lodi;2025-06-15;;OK
2001;Scuola Primaria Dante Alighieri;2025-06-16;121,0;OK
2002;Scuola Primaria Dante Alighieri;2025-06-16;18,4;OK
2003;Palazzo Comunale – Piazza Libertà;2025-06-16;243,4;OK
2004;Palazzo Comunale – Piazza Libertà;2025-06-16;1,4;OK
2005;Biblioteca Civica;2025-06-16;99,6;OK
2006;Asilo Nido Girotondo;2025-06-16;68,9;OK
2007;Asilo Nido Girotondo;2025-06-16;9,4;OK
2008;Piscina Comunale;2025-06-16;1.173,4;OK
2009;Piscina Comunale;2025-06-16;28,4;OK
2010;Centro Sportivo Città di Lodi;2025-06-16;204,5;STIMA
2001;Scuola Primaria Dante Alighieri;2025-06-17;130,4;STIMA
2002;Scuola Primaria Dante Alighieri;2025-06-17;17,0;OK
2003;Palazzo Comunale – Piazza Libertà;2025-06-17;249,4;OK
2004;Palazzo Comunale – Piazza Libertà;2025-06-17;20,1;OK
2005;Biblioteca Civica;2025-06-17;80,6;OK
2006;Asilo Nido Girotondo;2025-06-17;60,6;OK
2007;Asilo Nido Girotondo;2025-06-17;11,3;OK
2008;Piscina Comunale;2025-06-17;1.141,3;OK
2009;Piscina Comunale;2025-06-17;71,7;OK
2010;Centro Sportivo Città di Lodi;2025-06-17;185,8;OK
2001;Scuola Primaria Dante Alighieri;2025-06-18;120,7;OK
2002;Scuola Primaria Dante Alighieri;2025-06-18;0,1;OK
2003;Palazzo Comunale – Piazza Libertà;2025-06-18;204,3;OK
2004;Palazzo Comunale – Piazza Libertà;2025-06-18;4,2;OK
2005;Biblioteca Civica;2025-06-18;90,4;OK
2006;Asilo Nido Girotondo;2025-06-18;66,1;OK
2007;Asilo Nido Girotondo;2025-06-18;0,0;OK
2008;Piscina Comunale;2025-06-18;1.096,2;OK
2009;Piscina Comunale;2025-06-18;87,4;STIMA
2010;Centro Sportivo Città di Lodi;2025-06-18;184,7;OK
2001;Scuola Primaria Dante Alighieri;2025-06-19;112,8;OK
2002;Scuola Primaria Dante Alighieri;2025-06-19;7,1;OK
2003;Palazzo Comunale – Piazza Libertà;2025-06-19;241,5;OK
2004;Palazzo Comunale – Piazza Libertà;2025-06-19;10,7;OK
2005;Biblioteca Civica;2025-06-19;79,7;OK
2006;Asilo Nido Girotondo;2025-06-19;68,5;OK
2007;Asilo Nido Girotondo;2025-06-19;7,4;OK
2008;Piscina Comunale;2025-06-19;1.200,6;OK
2009;Piscina Comunale;2025-06-19;18,4;OK
2010;Centro Sportivo Città di Lodi;2025-06-19;176,2;OK
2001;Scuola Primaria Dante Alighieri;2025-06-20;121,5;OK
2002;Scuola Primaria Dante Alighieri;2025-06-20;0,0;OK
2003;Palazzo Comunale – Piazza Libertà;2025-06-20;236,8;OK
2004;Palazzo Comunale – Piazza Libertà;2025-06-20;15,0;OK
2005;Biblioteca Civica;2025-06-20;82,5;OK
2006;Asilo Nido Girotondo;2025-06-20;69,8;ERR
2007;Asilo Nido Girotondo;2025-06-20;4,8;OK
2008;Piscina Comunale;2025-06-20;1.207,7;OK
2009;Piscina Comunale;2025-06-20;51,6;OK
2010;Centro Sportivo Città di Lodi;2025-06-20;216,7;OK
2001;Scuola Primaria Dante Alighieri;2025-06-21;61,5;OK
2002;Scuola Primaria Dante Alighieri;2025-06-21;0,0;OK
2003;Palazzo Comunale – Piazza Libertà;2025-06-21;123,7;OK
2004;Palazzo Comunale – Piazza Libertà;2025-06-21;0,0;OK
2005;Biblioteca Civica;2025-06-21;52,4;OK
2006;Asilo Nido Girotondo;2025-06-21;30,5;OK
2007;Asilo Nido Girotondo;2025-06-21;1,8;OK
2008;Piscina Comunale;2025-06-21;592,6;OK
2009;Piscina Comunale;2025-06-21;61,0;OK
2010;Centro Sportivo Città di Lodi;2025-06-21;97,3;OK
2001;Scuola Primaria Dante Alighieri;2025-06-22;55,8;ERR
2002;Scuola Primaria Dante Alighieri;2025-06-22;0,0;OK
2003;Palazzo Comunale – Piazza Libertà;2025-06-22;110,0;OK
2004;Palazzo Comunale – Piazza Libertà;2025-06-22;6,9;ERR
2005;Biblioteca Civica;2025-06-22;56,1;OK
2006;Asilo Nido Girotondo;2025-06-22;38,9;OK
2007;Asilo Nido Girotondo;2025-06-22;9,5;OK
2008;Piscina Comunale;2025-06-22;581,3;OK
2009;Piscina Comunale;2025-06-22;79,3;OK
2010;Centro Sportivo Città di Lodi;2025-06-22;131,2;OK
2001;Scuola Primaria Dante Alighieri;2025-06-23;122,6;OK
2002;Scuola Primaria Dante Alighieri;2025-06-23;8,3;OK
2003;Palazzo Comunale – Piazza Libertà;2025-06-23;234,4;OK
2004;Palazzo Comunale – Piazza Libertà;2025-06-23;0,0;STIMA
2005;Biblioteca Civica;2025-06-23;97,7;OK
2006;Asilo Nido Girotondo;2025-06-23;67,6;OK
2007;Asilo Nido Girotondo;2025-06-23;0,0;OK
2008;Piscina Comunale;2025-06-23;1.172,5;OK
2009;Piscina Comunale;2025-06-23;44,1;OK
2010;Centro Sportivo Città di Lodi;2025-06-23;178,9;OK
2001;Scuola Primaria Dante Alighieri;2025-06-24;137,4;OK
2002;Scuola Primaria Dante Alighieri;2025-06-24;0,0;OK
2003;Palazzo Comunale – Piazza Libertà;2025-06-24;244,6;OK
2004;Palazzo Comunale – Piazza Libertà;2025-06-24;21,1;STIMA
2005;Biblioteca Civica;2025-06-24;92,4;OK
2006;Asilo Nido Girotondo;2025-06-24;68,3;OK
2007;Asilo Nido Girotondo;2025-06-24;2,6;OK
2008;Piscina Comunale;2025-06-24;1.161,2;OK
2009;Piscina Comunale;2025-06-24;59,4;OK
2010;Centro Sportivo Città di Lodi;2025-06-24;216,1;OK
2001;Scuola Primaria Dante Alighieri;2025-06-25;127,4;OK
2002;Scuola Primaria Dante Alighieri;2025-06-25;14,2;OK
2003;Palazzo Comunale – Piazza Libertà;2025-06-25;216,9;STIMA
2004;Palazzo Comunale – Piazza Libertà;2025-06-25;0,0;OK
2005;Biblioteca Civica;2025-06-25;85,1;OK
2006;Asilo Nido Girotondo;2025-06-25;57,9;OK
2007;Asilo Nido Girotondo;2025-06-25;4,3;OK
2008;Piscina Comunale;2025-06-25;1.145,7;OK
2009;Piscina Comunale;2025-06-25;33,1;OK
2010;Centro Sportivo Città di Lodi;2025-06-25;213,9;OK
2001;Scuola Primaria Dante Alighieri;2025-06-26;126,2;OK
2002;Scuola Primaria Dante Alighieri;2025-06-26;0,0;OK
2003;Palazzo Comunale – Piazza Libertà;2025-06-26;234,7;OK
2004;Palazzo Comunale – Piazza Libertà;2025-06-26;2,8;ERR
2005;Biblioteca Civica;2025-06-26;94,1;OK
2006;Asilo Nido Girotondo;2025-06-26;70,6;OK
2007;Asilo Nido Girotondo;2025-06-26;0,0;OK
2008;Piscina Comunale;2025-06-26;1.200,1;OK
2009;Piscina Comunale;2025-06-26;16,5;OK
2010;Centro Sportivo Città di Lodi;2025-06-26;200,5;OK
2001;Scuola Primaria Dante Alighieri;2025-06-27;121,1;ERR
2002;Scuola Primaria Dante Alighieri;2025-06-27;1,2;ERR
2003;Palazzo Comunale – Piazza Libertà;2025-06-27;236,7;OK
2004;Palazzo Comunale – Piazza Libertà;2025-06-27;7,8;OK
2005;Biblioteca Civica;2025-06-27;79,8;OK
2006;Asilo Nido Girotondo;2025-06-27;59,0;OK
2007;Asilo Nido Girotondo;2025-06-27;3,5;OK
2008;Piscina Comunale;2025-06-27;1.181,5;OK
2009;Piscina Comunale;2025-06-27;42,4;OK
2010;Centro Sportivo Città di Lodi;2025-06-27;215,9;OK
2001;Scuola Primaria Dante Alighieri;2025-06-28;65,3;OK
2002;Scuola Primaria Dante Alighieri;2025-06-28;8,4;OK
2003;Palazzo Comunale – Piazza Libertà;2025-06-28;100,2;OK
2004;Palazzo Comunale – Piazza Libertà;2025-06-28;18,4;OK
2005;Biblioteca Civica;2025-06-28;48,5;OK
2006;Asilo Nido Girotondo;2025-06-28;32,7;OK
2007;Asilo Nido Girotondo;2025-06-28;10,0;OK
2008;Piscina Comunale;2025-06-28;683,9;OK
2009;Piscina Comunale;2025-06-28;35,7;OK
2010;Centro Sportivo Città di Lodi;2025-06-28;126,9;OK
2001;Scuola Primaria Dante Alighieri;2025-06-29;56,7;OK
2002;Scuola Primaria Dante Alighieri;2025-06-29;0,0;OK
2003;Palazzo Comunale – Piazza Libertà;2025-06-29;115,0;OK
2004;Palazzo Comunale – Piazza Libertà;2025-06-29;0,0;OK
2005;Biblioteca Civica;2025-06-29;44,5;OK
2006;Asilo Nido Girotondo;2025-06-29;27,6;OK
2007;Asilo Nido Girotondo;2025-06-29;5,8;OK
2008;Piscina Comunale;2025-06-29;603,7;OK
2009;Piscina Comunale;2025-06-29;85,5;OK
2010;Centro Sportivo Città di Lodi;2025-06-29;123,4;OK
2001;Scuola Primaria Dante Alighieri;2025-06-30;140,2;OK
2002;Scuola Primaria Dante Alighieri;2025-06-30;0,0;OK
2003;Palazzo Comunale – Piazza Libertà;2025-06-30;244,2;OK
2004;Palazzo Comunale – Piazza Libertà;2025-06-30;20,5;OK
2005;Biblioteca Civica;2025-06-30;81,8;OK
2006;Asilo Nido Girotondo;2025-06-30;55,5;OK
2007;Asilo Nido Girotondo;2025-06-30;3,6;OK
2008;Piscina Comunale;2025-06-30;1.157,2;OK
2009;Piscina Comunale;2025-06-30;38,4;OK
2010;Centro Sportivo Città di Lodi;2025-06-30;179,9;OK
2001;Scuola Primaria Dante Alighieri;2025-07-01;110,7;OK
2002;Scuola Primaria Dante Alighieri;2025-07-01;9,9;OK
2003;Palazzo Comunale – Piazza Libertà;2025-07-01;246,6;OK
2004;Palazzo Comunale – Piazza Libertà;2025-07-01;10,7;OK
2005;Biblioteca Civica;2025-07-01;86,3;OK
2006;Asilo Nido Girotondo;2025-07-01;64,0;STIMA
2007;Asilo Nido Girotondo;2025-07-01;0,0;OK
2008;Piscina Comunale;2025-07-01;1.140,6;OK
2009;Piscina Comunale;2025-07-01;51,3;OK
2010;Centro Sportivo Città di Lodi;2025-07-01;183,7;OK
2001;Scuola Primaria Dante Alighieri;2025-07-02;114,0;OK
2002;Scuola Primaria Dante Alighieri;2025-07-02;0,0;OK
2003;Palazzo Comunale – Piazza Libertà;2025-07-02;247,5;OK
2004;Palazzo Comunale – Piazza Libertà;2025-07-02;1,3;OK
2005;Biblioteca Civica;2025-07-02;79,9;OK
2006;Asilo Nido Girotondo;2025-07-02;67,8;OK
2007;Asilo Nido Girotondo;2025-07-02;0,0;OK
2008;Piscina Comunale;2025-07-02;1.162,4;OK
2009;Piscina Comunale;2025-07-02;72,6;OK
2010;Centro Sportivo Città di Lodi;2025-07-02;199,5;ERR
2001;Scuola Primaria Dante Alighieri;2025-07-03;124,4;OK
2002;Scuola Primaria Dante Alighieri;2025-07-03;5,4;OK
2003;Palazzo Comunale – Piazza Libertà;2025-07-03;246,9;OK
2004;Palazzo Comunale – Piazza Libertà;2025-07-03;2,2;OK
2005;Biblioteca Civica;2025-07-03;83,6;OK
2006;Asilo Nido Girotondo;2025-07-03;60,3;OK
2007;Asilo Nido Girotondo;2025-07-03;5,2;OK
2008;Piscina Comunale;2025-07-03;1.111,1;OK
2009;Piscina Comunale;2025-07-03;55,2;OK
2010;Centro Sportivo Città di Lodi;2025-07-03;197,8;OK
2001;Scuola Primaria Dante Alighieri;2025-07-04;123,1;OK
2002;Scuola Primaria Dante Alighieri;2025-07-04;6,7;OK
2003;Palazzo Comunale – Piazza Libertà;2025-07-04;201,0;OK
2004;Palazzo Comunale – Piazza Libertà;2025-07-04;0,0;OK
2005;Biblioteca Civica;2025-07-04;89,8;OK
2006;Asilo Nido Girotondo;2025-07-04;66,4;OK
2007;Asilo Nido Girotondo;2025-07-04;0,0;OK
2008;Piscina Comunale;2025-07-04;1.065,4;OK
2009;Piscina Comunale;2025-07-04;12,2;OK
2010;Centro Sportivo Città di Lodi;2025-07-04;169,4;OK
2001;Scuola Primaria Dante Alighieri;2025-07-05;67,2;OK
2002;Scuola Primaria Dante Alighieri;2025-07-05;0,0;OK
2003;Palazzo Comunale – Piazza Libertà;2025-07-05;133,2;OK
2004;Palazzo Comunale – Piazza Libertà;2025-07-05;0,0;OK
2005;Biblioteca Civica;2025-07-05;47,3;OK
2006;Asilo Nido Girotondo;2025-07-05;39,9;OK
2007;Asilo Nido Girotondo;2025-07-05;0,0;OK
2008;Piscina Comunale;2025-07-05;579,2;OK
2009;Piscina Comunale;2025-07-05;8,1;OK
2010;Centro Sportivo Città di Lodi;2025-07-05;90,2;OK
2001;Scuola Primaria Dante Alighieri;2025-07-06;79,0;OK
2002;Scuola Primaria Dante Alighieri;2025-07-06;7,0;OK
2003;Palazzo Comunale – Piazza Libertà;2025-07-06;146,0;OK
2004;Palazzo Comunale – Piazza Libertà;2025-07-06;9,7;OK
2005;Biblioteca Civica;2025-07-06;54,6;OK
2006;Asilo Nido Girotondo;2025-07-06;38,9;OK
2007;Asilo Nido Girotondo;2025-07-06;0,0;OK
2008;Piscina Comunale;2025-07-06;548,8;OK
2009;Piscina Comunale;2025-07-06;73,5;OK
2010;Centro Sportivo Città di Lodi;2025-07-06;114,2;OK
2001;Scuola Primaria Dante Alighieri;2025-07-07;111,2;OK
2002;Scuola Primaria Dante Alighieri;2025-07-07;8,4;OK
2003;Palazzo Comunale – Piazza Libertà;2025-07-07;232,1;OK
2004;Palazzo Comunale – Piazza Libertà;2025-07-07;0,0;OK
2005;Biblioteca Civica;2025-07-07;89,3;STIMA
2006;Asilo Nido Girotondo;2025-07-07;57,8;OK
2007;Asilo Nido Girotondo;2025-07-07;9,4;OK
2008;Piscina Comunale;2025-07-07;1.151,5;OK
2009;Piscina Comunale;2025-07-07;59,9;STIMA
2010;Centro Sportivo Città di Lodi;2025-07-07;166,5;OK
2001;Scuola Primaria Dante Alighieri;2025-07-08;127,7;OK
2002;Scuola Primaria Dante Alighieri;2025-07-08;6,8;OK
2003;Palazzo Comunale – Piazza Libertà;2025-07-08;209,4;OK
2004;Palazzo Comunale – Piazza Libertà;2025-07-08;0,0;OK
2005;Biblioteca Civica;2025-07-08;93,8;OK
2006;Asilo Nido Girotondo;2025-07-08;63,2;OK
2007;Asilo Nido Girotondo;2025-07-08;4,4;OK
2008;Piscina Comunale;2025-07-08;1.184,1;OK
2009;Piscina Comunale;2025-07-08;79,3;OK
2010;Centro Sportivo Città di Lodi;2025-07-08;172,5;OK
2001;Scuola Primaria Dante Alighieri;2025-07-09;127,9;OK
2002;Scuola Primaria Dante Alighieri;2025-07-09;4,7;OK
2003;Palazzo Comunale – Piazza Libertà;2025-07-09;221,0;OK
2004;Palazzo Comunale – Piazza Libertà;2025-07-09;0,0;OK
2005;Biblioteca Civica;2025-07-09;91,3;OK
2006;Asilo Nido Girotondo;2025-07-09;69,0;OK
2007;Asilo Nido Girotondo;2025-07-09;0,0;OK
2008;Piscina Comunale;2025-07-09;1.132,1;OK
2009;Piscina Comunale;2025-07-09;46,0;OK
2010;Centro Sportivo Città di Lodi;2025-07-09;190,0;OK
2001;Scuola Primaria Dante Alighieri;2025-07-10;108,9;OK
2002;Scuola Primaria Dante Alighieri;2025-07-10;0,0;OK
2003;Palazzo Comunale – Piazza Libertà;2025-07-10;205,3;OK
2004;Palazzo Comunale – Piazza Libertà;2025-07-10;9,9;OK
2005;Biblioteca Civica;2025-07-10;87,7;OK
2006;Asilo Nido Girotondo;2025-07-10;63,2;STIMA
2007;Asilo Nido Girotondo;2025-07-10;8,6;OK
2008;Piscina Comunale;2025-07-10;1.125,8;OK
2009;Piscina Comunale;2025-07-10;11,8;OK
2010;Centro Sportivo Città di Lodi;2025-07-10;178,6;OK
2001;Scuola Primaria Dante Alighieri;2025-07-11;131,2;OK
2002;Scuola Primaria Dante Alighieri;2025-07-11;10,1;OK
2003;Palazzo Comunale – Piazza Libertà;2025-07-11;224,9;OK
2004;Palazzo Comunale – Piazza Libertà;2025-07-11;5,3;OK
2005;Biblioteca Civica;2025-07-11;90,0;OK
2006;Asilo Nido Girotondo;2025-07-11;61,5;OK
2007;Asilo Nido Girotondo;2025-07-11;0,6;OK
2008;Piscina Comunale;2025-07-11;1.126,2;OK
2009;Piscina Comunale;2025-07-11;31,8;OK
2010;Centro Sportivo Città di Lodi;2025-07-11;179,4;OK
2001;Scuola Primaria Dante Alighieri;2025-07-12;65,4;OK
2002;Scuola Primaria Dante Alighieri;2025-07-12;13,2;OK
2003;Palazzo Comunale – Piazza Libertà;2025-07-12;143,1;OK
2004;Palazzo Comunale – Piazza Libertà;2025-07-12;0,0;OK
2005;Biblioteca Civica;2025-07-12;50,5;OK
2006;Asilo Nido Girotondo;2025-07-12;31,8;OK
2007;Asilo Nido Girotondo;2025-07-12;0,0;ERR
2008;Piscina Comunale;2025-07-12;658,3;OK
2009;Piscina Comunale;2025-07-12;52,6;OK
2010;Centro Sportivo Città di Lodi;2025-07-12;104,6;OK
2001;Scuola Primaria Dante Alighieri;2025-07-13;81,7;OK
2002;Scuola Primaria Dante Alighieri;2025-07-13;0,0;OK
2003;Palazzo Comunale – Piazza Libertà;2025-07-13;137,8;OK
2004;Palazzo Comunale – Piazza Libertà;2025-07-13;7,9;OK
2005;Biblioteca Civica;2025-07-13;43,5;OK
2006;Asilo Nido Girotondo;2025-07-13;32,2;OK
2007;Asilo Nido Girotondo;2025-07-13;0,0;OK
2008;Piscina Comunale;2025-07-13;682,2;OK
2009;Piscina Comunale;2025-07-13;76,3;OK
2010;Centro Sportivo Città di Lodi;2025-07-13;113,3;OK
2001;Scuola Primaria Dante Alighieri;2025-07-14;135,5;OK
2002;Scuola Primaria Dante Alighieri;2025-07-14;10,4;OK
2003;Palazzo Comunale – Piazza Libertà;2025-07-14;223,8;OK
2004;Palazzo Comunale – Piazza Libertà;2025-07-14;0,0;OK
2005;Biblioteca Civica;2025-07-14;90,3;OK
2006;Asilo Nido Girotondo;2025-07-14;64,7;OK
2007;Asilo Nido Girotondo;2025-07-14;0,0;OK
2008;Piscina Comunale;2025-07-14;1.112,1;OK
2009;Piscina Comunale;2025-07-14;79,7;OK
2010;Centro Sportivo Città di Lodi;2025-07-14;172,9;OK
2001;Scuola Primaria Dante Alighieri;2025-07-15;121,2;OK
2002;Scuola Primaria Dante Alighieri;2025-07-15;0,0;OK
2003;Palazzo Comunale – Piazza Libertà;2025-07-15;239,8;OK
2004;Palazzo Comunale – Piazza Libertà;2025-07-15;18,0;OK
2005;Biblioteca Civica;2025-07-15;99,1;OK
2006;Asilo Nido Girotondo;2025-07-15;60,0;OK
2007;Asilo Nido Girotondo;2025-07-15;7,8;OK
2008;Piscina Comunale;2025-07-15;1.068,5;OK
2009;Piscina Comunale;2025-07-15;68,9;OK
2010;Centro Sportivo Città di Lodi;2025-07-15;188,6;OK
2001;Scuola Primaria Dante Alighieri;2025-07-16;128,5;OK
2002;Scuola Primaria Dante Alighieri;2025-07-16;0,0;ERR
2003;Palazzo Comunale – Piazza Libertà;2025-07-16;210,8;OK
2004;Palazzo Comunale – Piazza Libertà;2025-07-16;10,1;OK
2005;Biblioteca Civica;2025-07-16;89,9;OK
2006;Asilo Nido Girotondo;2025-07-16;61,4;OK
2007;Asilo Nido Girotondo;2025-07-16;0,0;OK
2008;Piscina Comunale;2025-07-16;1.139,6;OK
2009;Piscina Comunale;2025-07-16;43,8;OK
2010;Centro Sportivo Città di Lodi;2025-07-16;208,0;OK
2001;Scuola Primaria Dante Alighieri;2025-07-17;129,1;OK
2002;Scuola Primaria Dante Alighieri;2025-07-17;6,5;OK
2003;Palazzo Comunale – Piazza Libertà;2025-07-17;220,3;OK
2004;Palazzo Comunale – Piazza Libertà;2025-07-17;7,6;OK
2005;Biblioteca Civica;2025-07-17;78,9;OK
2006;Asilo Nido Girotondo;2025-07-17;58,9;OK
2007;Asilo Nido Girotondo;2025-07-17;3,6;OK
2008;Piscina Comunale;2025-07-17;1.057,1;OK
2009;Piscina Comunale;2025-07-17;8,3;OK
2010;Centro Sportivo Città di Lodi;2025-07-17;190,2;OK
2001;Scuola Primaria Dante Alighieri;2025-07-18;112,1;OK
2002;Scuola Primaria Dante Alighieri;2025-07-18;8,2;OK
2003;Palazzo Comunale – Piazza Libertà;2025-07-18;246,6;OK
2004;Palazzo Comunale – Piazza Libertà;2025-07-18;9,8;ERR
2005;Biblioteca Civica;2025-07-18;90,6;OK
2006;Asilo Nido Girotondo;2025-07-18;61,9;STIMA
2007;Asilo Nido Girotondo;2025-07-18;7,2;OK
2008;Piscina Comunale;2025-07-18;1.140,7;ERR
2009;Piscina Comunale;2025-07-18;53,1;OK
2010;Centro Sportivo Città di Lodi;2025-07-18;165,3;OK
2001;Scuola Primaria Dante Alighieri;2025-07-19;58,0;STIMA
2002;Scuola Primaria Dante Alighieri;2025-07-19;4,3;ERR
2003;Palazzo Comunale – Piazza Libertà;2025-07-19;143,3;OK
2004;Palazzo Comunale – Piazza Libertà;2025-07-19;6,7;OK
2005;Biblioteca Civica;2025-07-19;39,9;OK
2006;Asilo Nido Girotondo;2025-07-19;41,6;OK
2007;Asilo Nido Girotondo;2025-07-19;1,4;OK
2008;Piscina Comunale;2025-07-19;548,8;OK
2009;Piscina Comunale;2025-07-19;30,6;OK
2010;Centro Sportivo Città di Lodi;2025-07-19;118,7;OK
2001;Scuola Primaria Dante Alighieri;2025-07-20;52,5;OK
2002;Scuola Primaria Dante Alighieri;2025-07-20;0,0;OK
2003;Palazzo Comunale – Piazza Libertà;2025-07-20;134,7;OK
2004;Palazzo Comunale – Piazza Libertà;2025-07-20;1,1;OK
2005;Biblioteca Civica;2025-07-20;56,5;OK
2006;Asilo Nido Girotondo;2025-07-20;27,0;OK
2007;Asilo Nido Girotondo;2025-07-20;5,9;OK
2008;Piscina Comunale;2025-07-20;619,7;OK
2009;Piscina Comunale;2025-07-20;32,1;ERR
2010;Centro Sportivo Città di Lodi;2025-07-20;121,9;OK
2001;Scuola Primaria Dante Alighieri;2025-07-21;132,2;OK
2002;Scuola Primaria Dante Alighieri;2025-07-21;2,1;ERR
2003;Palazzo Comunale – Piazza Libertà;2025-07-21;226,4;OK
2004;Palazzo Comunale – Piazza Libertà;2025-07-21;15,2;OK
2005;Biblioteca Civica;2025-07-21;83,4;OK
2006;Asilo Nido Girotondo;2025-07-21;62,6;OK
2007;Asilo Nido Girotondo;2025-07-21;0,0;OK
2008;Piscina Comunale;2025-07-21;1.079,0;OK
2009;Piscina Comunale;2025-07-21;0,0;OK
2010;Centro Sportivo Città di Lodi;2025-07-21;178,7;OK
2001;Scuola Primaria Dante Alighieri;2025-07-22;134,7;OK
2002;Scuola Primaria Dante Alighieri;2025-07-22;0,0;OK
2003;Palazzo Comunale – Piazza Libertà;2025-07-22;239,2;OK
2004;Palazzo Comunale – Piazza Libertà;2025-07-22;0,0;OK
2005;Biblioteca Civica;2025-07-22;83,0;OK
2006;Asilo Nido Girotondo;2025-07-22;57,1;OK
2007;Asilo Nido Girotondo;2025-07-22;0,0;OK
2008;Piscina Comunale;2025-07-22;1.194,0;OK
2009;Piscina Comunale;2025-07-22;5,7;OK
2010;Centro Sportivo Città di Lodi;2025-07-22;190,9;STIMA
2001;Scuola Primaria Dante Alighieri;2025-07-23;126,6;OK
2002;Scuola Primaria Dante Alighieri;2025-07-23;0,0;OK
2003;Palazzo Comunale – Piazza Libertà;2025-07-23;237,3;OK
2004;Palazzo Comunale – Piazza Libertà;2025-07-23;0,0;OK
2005;Biblioteca Civica;2025-07-23;78,9;ERR
2006;Asilo Nido Girotondo;2025-07-23;64,1;STIMA
2007;Asilo Nido Girotondo;2025-07-23;8,1;OK
2008;Piscina Comunale;2025-07-23;1.112,3;OK
2009;Piscina Comunale;2025-07-23;47,3;ERR
2010;Centro Sportivo Città di Lodi;2025-07-23;169,3;OK
2001;Scuola Primaria Dante Alighieri;2025-07-24;111,1;OK
2002;Scuola Primaria Dante Alighieri;2025-07-24;6,0;OK
2003;Palazzo Comunale – Piazza Libertà;2025-07-24;239,1;OK
2004;Palazzo Comunale – Piazza Libertà;2025-07-24;0,0;OK
2005;Biblioteca Civica;2025-07-24;96,2;OK
2006;Asilo Nido Girotondo;2025-07-24;54,7;OK
2007;Asilo Nido Girotondo;2025-07-24;0,0;STIMA
2008;Piscina Comunale;2025-07-24;1.181,9;OK
2009;Piscina Comunale;2025-07-24;8,7;OK
2010;Centro Sportivo Città di Lodi;2025-07-24;188,7;OK
2001;Scuola Primaria Dante Alighieri;2025-07-25;109,1;OK
2002;Scuola Primaria Dante Alighieri;2025-07-25;5,6;OK
2003;Palazzo Comunale – Piazza Libertà;2025-07-25;225,1;OK
2004;Palazzo Comunale – Piazza Libertà;2025-07-25;0,0;OK
2005;Biblioteca Civica;2025-07-25;95,4;OK
2006;Asilo Nido Girotondo;2025-07-25;58,6;OK
2007;Asilo Nido Girotondo;2025-07-25;4,8;OK
2008;Piscina Comunale;2025-07-25;1.145,9;OK
2009;Piscina Comunale;2025-07-25;52,3;OK
2010;Centro Sportivo Città di Lodi;2025-07-25;188,5;OK
2001;Scuola Primaria Dante Alighieri;2025-07-26;57,2;OK
2002;Scuola Primaria Dante Alighieri;2025-07-26;0,0;OK
2003;Palazzo Comunale – Piazza Libertà;2025-07-26;136,6;OK
2004;Palazzo Comunale – Piazza Libertà;2025-07-26;0,0;OK
2005;Biblioteca Civica;2025-07-26;45,3;OK
2006;Asilo Nido Girotondo;2025-07-26;32,7;OK
2007;Asilo Nido Girotondo;2025-07-26;0,0;OK
2008;Piscina Comunale;2025-07-26;537,2;OK
2009;Piscina Comunale;2025-07-26;69,0;OK
2010;Centro Sportivo Città di Lodi;2025-07-26;107,9;OK
2001;Scuola Primaria Dante Alighieri;2025-07-27;77,1;OK
2002;Scuola Primaria Dante Alighieri;2025-07-27;12,5;OK
2003;Palazzo Comunale – Piazza Libertà;2025-07-27;105,8;OK
2004;Palazzo Comunale – Piazza Libertà;2025-07-27;0,0;OK
2005;Biblioteca Civica;2025-07-27;45,3;OK
2006;Asilo Nido Girotondo;2025-07-27;33,7;OK
2007;Asilo Nido Girotondo;2025-07-27
2008;Piscina Comunale;2025-07-27;663,2;OK
2009;Piscina Comunale;2025-07-27;31,0;ERR
2010;Centro Sportivo Città di Lodi;2025-07-27;96,4;OK
2001;Scuola Primaria Dante Alighieri;2025-07-28;117,9;OK
2002;Scuola Primaria Dante Alighieri;2025-07-28;0,0;OK
2003;Palazzo Comunale – Piazza Libertà;2025-07-28;212,7;OK
2004;Palazzo Comunale – Piazza Libertà;2025-07-28;0,0;OK
2005;Biblioteca Civica;2025-07-28;88,9;OK
2006;Asilo Nido Girotondo;2025-07-28;68,0;OK
2007;Asilo Nido Girotondo;2025-07-28;3,3;OK
2008;Piscina Comunale;2025-07-28;1.157,9;OK
2009;Piscina Comunale;2025-07-28;61,1;OK
2010;Centro Sportivo Città di Lodi;2025-07-28;186,1;OK
2001;Scuola Primaria Dante Alighieri;2025-07-29;112,8;OK
2002;Scuola Primaria Dante Alighieri;2025-07-29;1,1;ERR
2003;Palazzo Comunale – Piazza Libertà;2025-07-29;203,3;OK
2004;Palazzo Comunale – Piazza Libertà;2025-07-29;0,0;OK
2005;Biblioteca Civica;2025-07-29;99,7;OK
2006;Asilo Nido Girotondo;2025-07-29;68,8;STIMA
2007;Asilo Nido Girotondo;2025-07-29;0,0;OK
2008;Piscina Comunale;2025-07-29;1.168,9;ERR
2009;Piscina Comunale;2025-07-29;67,8;STIMA
2010;Centro Sportivo Città di Lodi;2025-07-29;205,4;OK
2001;Scuola Primaria Dante Alighieri;2025-07-30;124,1;ERR
2002;Scuola Primaria Dante Alighieri;2025-07-30;14,1;OK
2003;Palazzo Comunale – Piazza Libertà;2025-07-30;229,1;OK
2004;Palazzo Comunale – Piazza Libertà;2025-07-30;15,2;OK
2005;Biblioteca Civica;2025-07-30;85,0;STIMA
2006;Asilo Nido Girotondo;2025-07-30;68,5;OK
2007;Asilo Nido Girotondo;2025-07-30;0,0;OK
2008;Piscina Comunale;2025-07-30;1.135,8;OK
2009;Piscina Comunale;2025-07-30;69,5;OK
2010;Centro Sportivo Città di Lodi;2025-07-30;178,4;OK
2001;Scuola Primaria Dante Alighieri;2025-07-31;121,8;OK
2002;Scuola Primaria Dante Alighieri;2025-07-31;0,0;OK
2003;Palazzo Comunale – Piazza Libertà;2025-07-31;227,3;OK
2004;Palazzo Comunale – Piazza Libertà;2025-07-31;0,0;OK
2005;Biblioteca Civica;2025-07-31;80,6;OK
2006;Asilo Nido Girotondo;2025-07-31;60,5;OK
2007;Asilo Nido Girotondo;2025-07-31;0,0;OK
2008;Piscina Comunale;2025-07-31;1.173,7;OK
2009;Piscina Comunale;2025-07-31;83,9;STIMA
2010;Centro Sportivo Città di Lodi;2025-07-31;190,9;OK
2001;Scuola Primaria Dante Alighieri;2025-08-01;123,8;STIMA
2002;Scuola Primaria Dante Alighieri;2025-08-01;14,9;OK
2003;Palazzo Comunale – Piazza Libertà;2025-08-01;232,3;OK
2004;Palazzo Comunale – Piazza Libertà;2025-08-01;0,0;OK
2005;Biblioteca Civica;2025-08-01;97,1;OK
2006;Asilo Nido Girotondo;2025-08-01;62,3;OK
2007;Asilo Nido Girotondo;2025-08-01;0,9;STIMA
2008;Piscina Comunale;2025-08-01;1.077,6;OK
2009;Piscina Comunale;2025-08-01;70,2;OK
2010;Centro Sportivo Città di Lodi;2025-08-01;171,3;OK
2001;Scuola Primaria Dante Alighieri;2025-08-02;52,9;OK
2002;Scuola Primaria Dante Alighieri;2025-08-02;0,7;OK
2003;Palazzo Comunale – Piazza Libertà;2025-08-02;117,5;OK
2004;Palazzo Comunale – Piazza Libertà;2025-08-02;0,0;OK
2005;Biblioteca Civica;2025-08-02;58,5;OK
2006;Asilo Nido Girotondo;2025-08-02;34,6;OK
2007;Asilo Nido Girotondo;2025-08-02;0,0;OK
2008;Piscina Comunale;2025-08-02;580,1;OK
2009;Piscina Comunale;2025-08-02;31,0;OK
2010;Centro Sportivo Città di Lodi;2025-08-02;88,1;OK
2001;Scuola Primaria Dante Alighieri;2025-08-03;84,4;OK
2002;Scuola Primaria Dante Alighieri;2025-08-03;0,0;OK
2003;Palazzo Comunale – Piazza Libertà;2025-08-03;117,4;OK
2004;Palazzo Comunale – Piazza Libertà;2025-08-03;20,9;OK
2005;Biblioteca Civica;2025-08-03;48,1;OK
2006;Asilo Nido Girotondo;2025-08-03;35,0;OK
2007;Asilo Nido Girotondo;2025-08-03;0,5;ERR
2008;Piscina Comunale;2025-08-03;695,3;OK
2009;Piscina Comunale;2025-08-03;66,7;OK
2010;Centro Sportivo Città di Lodi;2025-08-03;88,1;OK
2001;Scuola Primaria Dante Alighieri;2025-08-04;112,7;OK
2002;Scuola Primaria Dante Alighieri;2025-08-04;0,0;OK
2003;Palazzo Comunale – Piazza Libertà;2025-08-04;228,7;OK
2004;Palazzo Comunale – Piazza Libertà;2025-08-04;8,7;OK
2005;Biblioteca Civica;2025-08-04;84,1;OK
2006;Asilo Nido Girotondo;2025-08-04;59,6;OK
2007;Asilo Nido Girotondo;2025-08-04;0,0;OK
2008;Piscina Comunale;2025-08-04;1.125,2;OK
2009;Piscina Comunale;2025-08-04;61,2;OK
2010;Centro Sportivo Città di Lodi;2025-08-04;212,5;OK
2001;Scuola Primaria Dante Alighieri;2025-08-05;110,4;OK
2002;Scuola Primaria Dante Alighieri;2025-08-05;13,5;OK
2003;Palazzo Comunale – Piazza Libertà;2025-08-05;233,5;OK
2004;Palazzo Comunale – Piazza Libertà;2025-08-05;0,0;OK
2005;Biblioteca Civica;2025-08-05;80,5;OK
2006;Asilo Nido Girotondo;2025-08-05;63,6;OK
2007;Asilo Nido Girotondo;2025-08-05;0,0;OK
2008;Piscina Comunale;2025-08-05;1.052,3;OK
2009;Piscina Comunale;2025-08-05;46,2;OK
2010;Centro Sportivo Città di Lodi;2025-08-05;197,1;OK
2001;Scuola Primaria Dante Alighieri;2025-08-06;118,4;OK
2002;Scuola Primaria Dante Alighieri;2025-08-06;11,0;OK
2003;Palazzo Comunale – Piazza Libertà;2025-08-06;236,8;OK
2004;Palazzo Comunale – Piazza Libertà;2025-08-06;1,0;OK
2005;Biblioteca Civica;2025-08-06;92,7;OK
2006;Asilo Nido Girotondo;2025-08-06;58,8;OK
2007;Asilo Nido Girotondo;2025-08-06;2,4;OK
2008;Piscina Comunale;2025-08-06;1.199,2;OK
2009;Piscina Comunale;2025-08-06;7,2;ERR
2010;Centro Sportivo Città di Lodi;2025-08-06;181,5;OK
2001;Scuola Primaria Dante Alighieri;2025-08-07;136,2;OK
2002;Scuola Primaria Dante Alighieri;2025-08-07;0,0;OK
2003;Palazzo Comunale – Piazza Libertà;2025-08-07;224,6;OK
2004;Palazzo Comunale – Piazza Libertà;2025-08-07;0,0;OK
2005;Biblioteca Civica;2025-08-07;77,2;OK
2006;Asilo Nido Girotondo;2025-08-07;70,0;OK
2007;Asilo Nido Girotondo;2025-08-07;5,8;OK
2008;Piscina Comunale;2025-08-07;1.136,8;OK
2009;Piscina Comunale;2025-08-07;80,9;OK
2010;Centro Sportivo Città di Lodi;2025-08-07;174,5;OK
2001;Scuola Primaria Dante Alighieri;2025-08-08;134,0;OK
2002;Scuola Primaria Dante Alighieri;2025-08-08;0,0;OK
2003;Palazzo Comunale – Piazza Libertà;2025-08-08;251,5;OK
2004;Palazzo Comunale – Piazza Libertà;2025-08-08;15,9;OK
2005;Biblioteca Civica;2025-08-08;98,8;STIMA
2006;Asilo Nido Girotondo;2025-08-08;67,4;OK
2007;Asilo Nido Girotondo;2025-08-08;0,0;OK
2008;Piscina Comunale;2025-08-08;1.155,1;OK
2009;Piscina Comunale;2025-08-08;20,3;OK
2010;Centro Sportivo Città di Lodi;2025-08-08;169,3;OK
2001;Scuola Primaria Dante Alighieri;2025-08-09;64,0;OK
2002;Scuola Primaria Dante Alighieri;2025-08-09;0,0;OK
2003;Palazzo Comunale – Piazza Libertà;2025-08-09;107,0;OK
2004;Palazzo Comunale – Piazza Libertà;2025-08-09;0,0;OK
2005;Biblioteca Civica;2025-08-09;42,8;OK
2006;Asilo Nido Girotondo;2025-08-09;30,8;OK
2007;Asilo Nido Girotondo;2025-08-09;0,0;OK
2008;Piscina Comunale;2025-08-09;670,0;OK
2009;Piscina Comunale;2025-08-09;23,8;OK
2010;Centro Sportivo Città di Lodi;2025-08-09;111,5;OK
2001;Scuola Primaria Dante Alighieri;2025-08-10;71,5;OK
2002;Scuola Primaria Dante Alighieri;2025-08-10;10,8;OK
2003;Palazzo Comunale – Piazza Libertà;2025-08-10;111,9;OK
2004;Palazzo Comunale – Piazza Libertà;2025-08-10;13,4;OK
2005;Biblioteca Civica;2025-08-10;44,8;OK
2006;Asilo Nido Girotondo;2025-08-10;32,5;OK
2007;Asilo Nido Girotondo;2025-08-10;0,0;OK
2008;Piscina Comunale;2025-08-10;550,0;OK
2009;Piscina Comunale;2025-08-10;27,9;OK
2010;Centro Sportivo Città di Lodi;2025-08-10;105,9;OK
2001;Scuola Primaria Dante Alighieri;2025-08-11;119,9;OK
2002;Scuola Primaria Dante Alighieri;2025-08-11;8,5;OK
2003;Palazzo Comunale – Piazza Libertà;2025-08-11;223,3;OK
2004;Palazzo Comunale – Piazza Libertà;2025-08-11;0,0;OK
2005;Biblioteca Civica;2025-08-11;100,9;OK
2006;Asilo Nido Girotondo;2025-08-11;60,2;OK
2007;Asilo Nido Girotondo;2025-08-11;8,2;OK
2008;Piscina Comunale;2025-08-11;1.120,9;OK
2009;Piscina Comunale;2025-08-11;94,4;OK
2010;Centro Sportivo Città di Lodi;2025-08-11;172,2;OK
2001;Scuola Primaria Dante Alighieri;2025-08-12;133,3;OK
2002;Scuola Primaria Dante Alighieri;2025-08-12;0,0;OK
2003;Palazzo Comunale – Piazza Libertà;2025-08-12;221,6;OK
2004;Palazzo Comunale – Piazza Libertà;2025-08-12;24,9;OK
2005;Biblioteca Civica;2025-08-12;81,0;OK
2006;Asilo Nido Girotondo;2025-08-12;64,7;OK
2007;Asilo Nido Girotondo;2025-08-12;0,4;OK
2008;Piscina Comunale;2025-08-12;1.062,2;OK
2009;Piscina Comunale;2025-08-12;38,7;OK
2010;Centro Sportivo Città di Lodi;2025-08-12;190,7;OK
2001;Scuola Primaria Dante Alighieri;2025-08-13;128,7;OK
2002;Scuola Primaria Dante Alighieri;2025-08-13;17,5;OK
2003;Palazzo Comunale – Piazza Libertà;2025-08-13;224,4;OK
2004;Palazzo Comunale – Piazza Libertà;2025-08-13;22,0;OK
2005;Biblioteca Civica;2025-08-13;101,5;OK
2006;Asilo Nido Girotondo;2025-08-13;60,7;OK
2007;Asilo Nido Girotondo;2025-08-13;0,0;OK
2008;Piscina Comunale;2025-08-13;1.091,9;OK
2009;Piscina Comunale;2025-08-13;88,7;ERR
2010;Centro Sportivo Città di Lodi;2025-08-13;183,1;STIMA
2001;Scuola Primaria Dante Alighieri;2025-08-14;139,3;OK
2002;Scuola Primaria Dante Alighieri;2025-08-14;1,6;STIMA
2003;Palazzo Comunale – Piazza Libertà;2025-08-14;215,6;OK
2004;Palazzo Comunale – Piazza Libertà;2025-08-14;0,0;OK
2005;Biblioteca Civica;2025-08-14;79,4;OK
2006;Asilo Nido Girotondo;2025-08-14;62,7;STIMA
2007;Asilo Nido Girotondo;2025-08-14;0,0;OK
2008;Piscina Comunale;2025-08-14;1.142,9;OK
2009;Piscina Comunale;2025-08-14;23,9;OK
2010;Centro Sportivo Città di Lodi;2025-08-14;205,1;OK
2001;Scuola Primaria Dante Alighieri;2025-08-15;140,1;OK
2002;Scuola Primaria Dante Alighieri;2025-08-15;12,2;OK
2003;Palazzo Comunale – Piazza Libertà;2025-08-15;235,1;OK
2004;Palazzo Comunale – Piazza Libertà;2025-08-15;0,0;OK
2005;Biblioteca Civica;2025-08-15;91,5;OK
2006;Asilo Nido Girotondo;2025-08-15;68,4;OK
2007;Asilo Nido Girotondo;2025-08-15;0,0;OK
2008;Piscina Comunale;2025-08-15;1.180,4;OK
2009;Piscina Comunale;2025-08-15;47,5;OK
2010;Centro Sportivo Città di Lodi;2025-08-15;171,1;OK
2001;Scuola Primaria Dante Alighieri;2025-08-16;59,8;OK
2002;Scuola Primaria Dante Alighieri;2025-08-16;0,0;OK
2003;Palazzo Comunale – Piazza Libertà;2025-08-16;126,7;OK
2004;Palazzo Comunale – Piazza Libertà;2025-08-16;17,8;OK
2005;Biblioteca Civica;2025-08-16;38,5;OK
2006;Asilo Nido Girotondo;2025-08-16;42,0;OK
2007;Asilo Nido Girotondo;2025-08-16;12,1;OK
2008;Piscina Comunale;2025-08-16;610,1;OK
2009;Piscina Comunale;2025-08-16;21,5;OK
2010;Centro Sportivo Città di Lodi;2025-08-16;87,0;OK
2001;Scuola Primaria Dante Alighieri;2025-08-17;65,7;OK
2002;Scuola Primaria Dante Alighieri;2025-08-17;11,7;OK
2003;Palazzo Comunale – Piazza Libertà;2025-08-17;107,8;STIMA
2004;Palazzo Comunale – Piazza Libertà;2025-08-17;21,0;OK
2005;Biblioteca Civica;2025-08-17;40,8;OK
2006;Asilo Nido Girotondo;2025-08-17;33,4;OK
2007;Asilo Nido Girotondo;2025-08-17;12,6;OK
2008;Piscina Comunale;2025-08-17;587,3;OK
2009;Piscina Comunale;2025-08-17;67,7;OK
2010;Centro Sportivo Città di Lodi;2025-08-17;114,7;OK
2001;Scuola Primaria Dante Alighieri;2025-08-18;128,5;OK
2002;Scuola Primaria Dante Alighieri;2025-08-18;9,6;OK
2003;Palazzo Comunale – Piazza Libertà;2025-08-18;214,2;OK
2004;Palazzo Comunale – Piazza Libertà;2025-08-18;14,1;OK
2005;Biblioteca Civica;2025-08-18;94,2;OK
2006;Asilo Nido Girotondo;2025-08-18;67,3;OK
2007;Asilo Nido Girotondo;2025-08-18;4,8;OK
2008;Piscina Comunale;2025-08-18;1.096,7;STIMA
2009;Piscina Comunale;2025-08-18;100,3;OK
2010;Centro Sportivo Città di Lodi;2025-08-18;185,0;OK
2001;Scuola Primaria Dante Alighieri;2025-08-19;119,8;OK
2002;Scuola Primaria Dante Alighieri;2025-08-19;19,1;OK
2003;Palazzo Comunale – Piazza Libertà;2025-08-19;246,0;OK
2004;Palazzo Comunale – Piazza Libertà;2025-08-19;32,1;OK
2005;Biblioteca Civica;2025-08-19;91,0;OK
2006;Asilo Nido Girotondo;2025-08-19;71,1;OK
2007;Asilo Nido Girotondo;2025-08-19;0,0;OK
2008;Piscina Comunale;2025-08-19;1.063,8;OK
2009;Piscina Comunale;2025-08-19;27,7;OK
2010;Centro Sportivo Città di Lodi;2025-08-19;206,1;OK
2001;Scuola Primaria Dante Alighieri;2025-08-20;120,5;OK
2002;Scuola Primaria Dante Alighieri;2025-08-20;7,2;OK
2003;Palazzo Comunale – Piazza Libertà;2025-08-20;235,2;OK
2004;Palazzo Comunale – Piazza Libertà;2025-08-20;19,0;OK
2005;Biblioteca Civica;2025-08-20;96,2;OK
2006;Asilo Nido Girotondo;2025-08-20;56,8;OK
2007;Asilo Nido Girotondo;2025-08-20;0,0;OK
2008;Piscina Comunale;2025-08-20;1.136,7;OK
2009;Piscina Comunale;2025-08-20;58,9;OK
2010;Centro Sportivo Città di Lodi;2025-08-20;192,4;OK
2001;Scuola Primaria Dante Alighieri;2025-08-21;140,7;ERR
2002;Scuola Primaria Dante Alighieri;2025-08-21;16,1;OK
2003;Palazzo Comunale – Piazza Libertà;2025-08-21;237,3;OK
2004;Palazzo Comunale – Piazza Libertà;2025-08-21;27,6;OK
2005;Biblioteca Civica;2025-08-21;96,0;OK
2006;Asilo Nido Girotondo;2025-08-21;57,8;OK
2007;Asilo Nido Girotondo;2025-08-21;9,4;OK
2008;Piscina Comunale;2025-08-21;1.075,2;OK
2009;Piscina Comunale;2025-08-21;88,1;OK
2010;Centro Sportivo Città di Lodi;2025-08-21;175,2;OK
2001;Scuola Primaria Dante Alighieri;2025-08-22;120,4;OK
2002;Scuola Primaria Dante Alighieri;2025-08-22;1,1;ERR
2003;Palazzo Comunale – Piazza Libertà;2025-08-22;;OK
2004;Palazzo Comunale – Piazza Libertà;2025-08-22;17,0;OK
2005;Biblioteca Civica;2025-08-22;90,5;OK
2006;Asilo Nido Girotondo;2025-08-22;58,5;OK
2007;Asilo Nido Girotondo;2025-08-22;0,0;OK
2008;Piscina Comunale;2025-08-22;1.173,4;OK
2009;Piscina Comunale;2025-08-22;40,8;OK
2010;Centro Sportivo Città di Lodi;2025-08-22;174,9;OK
2001;Scuola Primaria Dante Alighieri;2025-08-23;81,5;OK
2002;Scuola Primaria Dante Alighieri;2025-08-23;6,7;OK
2003;Palazzo Comunale – Piazza Libertà;2025-08-23;145,5;ERR
2004;Palazzo Comunale – Piazza Libertà;2025-08-23;22,1;OK
2005;Biblioteca Civica;2025-08-23;45,8;OK
2006;Asilo Nido Girotondo;2025-08-23;29,0;ERR
2007;Asilo Nido Girotondo;2025-08-23;0,0;ERR
2008;Piscina Comunale;2025-08-23;583,5;OK
2009;Piscina Comunale;2025-08-23;78,3;OK
2010;Centro Sportivo Città di Lodi;2025-08-23;113,5;OK
2001;Scuola Primaria Dante Alighieri;2025-08-24;61,8;OK
2002;Scuola Primaria Dante Alighieri;2025-08-24;0,0;OK
2003;Palazzo Comunale – Piazza Libertà;2025-08-24;116,3;OK
2004;Palazzo Comunale – Piazza Libertà;2025-08-24;21,9;OK
2005;Biblioteca Civica;2025-08-24;56,4;OK
2006;Asilo Nido Girotondo;2025-08-24;31,3;OK
2007;Asilo Nido Girotondo;2025-08-24;14,8;OK
2008;Piscina Comunale;2025-08-24;574,3;OK
2009;Piscina Comunale;2025-08-24;79,5;OK
2010;Centro Sportivo Città di Lodi;2025-08-24;103,6;OK
2001;Scuola Primaria Dante Alighieri;2025-08-25;143,3;OK
2002;Scuola Primaria Dante Alighieri;2025-08-25;20,0;OK
2003;Palazzo Comunale – Piazza Libertà;2025-08-25;258,6;OK
2004;Palazzo Comunale – Piazza Libertà;2025-08-25;28,8;OK
2005;Biblioteca Civica;2025-08-25;94,2;OK
2006;Asilo Nido Girotondo;2025-08-25;57,3;OK
2007;Asilo Nido Girotondo;2025-08-25;1,1;OK
2008;Piscina Comunale;2025-08-25;1.225,8;OK
2009;Piscina Comunale;2025-08-25;88,2;OK
2010;Centro Sportivo Città di Lodi;2025-08-25;177,1;STIMA
2001;Scuola Primaria Dante Alighieri;2025-08-26;140,9;STIMA
2002;Scuola Primaria Dante Alighieri;2025-08-26;0,0;OK
2003;Palazzo Comunale – Piazza Libertà;2025-08-26;232,3;OK
2004;Palazzo Comunale – Piazza Libertà;2025-08-26;0,0;OK
2005;Biblioteca Civica;2025-08-26;85,4;OK
2006;Asilo Nido Girotondo;2025-08-26;60,5;STIMA
2007;Asilo Nido Girotondo;2025-08-26;4,8;OK
2008;Piscina Comunale;2025-08-26;1.143,6;OK
2009;Piscina Comunale;2025-08-26;87,6;OK
2010;Centro Sportivo Città di Lodi;2025-08-26;222,4;OK
2001;Scuola Primaria Dante Alighieri;2025-08-27;137,9;OK
2002;Scuola Primaria Dante Alighieri;2025-08-27;20,4;OK
2003;Palazzo Comunale – Piazza Libertà;2025-08-27;247,9;OK
2004;Palazzo Comunale – Piazza Libertà;2025-08-27;2,5;OK
2005;Biblioteca Civica;2025-08-27;87,5;OK
2006;Asilo Nido Girotondo;2025-08-27;57,9;STIMA
2007;Asilo Nido Girotondo;2025-08-27;12,0;OK
2008;Piscina Comunale;2025-08-27;1.189,4;OK
2009;Piscina Comunale;2025-08-27;111,9;OK
2010;Centro Sportivo Città di Lodi;2025-08-27;216,6;OK
2001;Scuola Primaria Dante Alighieri;2025-08-28;121,1;OK
2002;Scuola Primaria Dante Alighieri;2025-08-28;8,8;OK
2003;Palazzo Comunale – Piazza Libertà;2025-08-28;251,6;OK
2004;Palazzo Comunale – Piazza Libertà;2025-08-28;2,0;OK
2005;Biblioteca Civica;2025-08-28;101,8;OK
2006;Asilo Nido Girotondo;2025-08-28;71,0;OK
2007;Asilo Nido Girotondo;2025-08-28;15,7;ERR
2008;Piscina Comunale;2025-08-28;1.199,0;OK
2009;Piscina Comunale;2025-08-28;60,3;ERR
2010;Centro Sportivo Città di Lodi;2025-08-28;191,1;OK
2001;Scuola Primaria Dante Alighieri;2025-08-29;128,3;OK
2002;Scuola Primaria Dante Alighieri;2025-08-29;19,1;OK
2003;Palazzo Comunale – Piazza Libertà;2025-08-29;219,2;STIMA
2004;Palazzo Comunale – Piazza Libertà;2025-08-29;20,1;ERR
2005;Biblioteca Civica;2025-08-29;81,0;OK
2006;Asilo Nido Girotondo;2025-08-29;60,3;OK
2007;Asilo Nido Girotondo;2025-08-29;15,5;OK
2008;Piscina Comunale;2025-08-29;1.174,2;OK
2009;Piscina Comunale;2025-08-29;54,1;OK
2010;Centro Sportivo Città di Lodi;2025-08-29;208,1;OK
2001;Scuola Primaria Dante Alighieri;2025-08-30;60,8;OK
2002;Scuola Primaria Dante Alighieri;2025-08-30;26,0;OK
2003;Palazzo Comunale – Piazza Libertà;2025-08-30;145,2;OK
2004;Palazzo Comunale – Piazza Libertà;2025-08-30;7,1;OK
2005;Biblioteca Civica;2025-08-30;58,5;ERR
2006;Asilo Nido Girotondo;2025-08-30;33,9;OK
2007;Asilo Nido Girotondo;2025-08-30;4,0;OK
2008;Piscina Comunale;2025-08-30;633,1;OK
2009;Piscina Comunale;2025-08-30;62,9;OK
2010;Centro Sportivo Città di Lodi;2025-08-30;126,4;OK
2001;Scuola Primaria Dante Alighieri;2025-08-31;67,7;OK
2002;Scuola Primaria Dante Alighieri;2025-08-31;6,5;OK
2003;Palazzo Comunale – Piazza Libertà;2025-08-31;103,9;OK
2004;Palazzo Comunale – Piazza Libertà;2025-08-31;18,9;OK
2005;Biblioteca Civica;2025-08-31;48,0;OK
2006;Asilo Nido Girotondo;2025-08-31;37,0;OK
2007;Asilo Nido Girotondo;2025-08-31;12,3;OK
2008;Piscina Comunale;2025-08-31;669,6;OK
2009;Piscina Comunale;2025-08-31;65,4;OK
2010;Centro Sportivo Città di Lodi;2025-08-31;113,7;OK
2001;Scuola Primaria Dante Alighieri;2025-09-01;143,5;ERR
2002;Scuola Primaria Dante Alighieri;2025-09-01;19,2;OK
2003;Palazzo Comunale – Piazza Libertà;2025-09-01;222,9;OK
2004;Palazzo Comunale – Piazza Libertà;2025-09-01;5,1;OK
2005;Biblioteca Civica;2025-09-01;104,5;OK
2006;Asilo Nido Girotondo;2025-09-01;69,6;OK
2007;Asilo Nido Girotondo;2025-09-01;3,6;OK
2008;Piscina Comunale;2025-09-01;1.235,8;OK
2009;Piscina Comunale;2025-09-01;119,7;OK
2010;Centro Sportivo Città di Lodi;2025-09-01;193,6;OK
2001;Scuola Primaria Dante Alighieri;2025-09-02;121,9;OK
2002;Scuola Primaria Dante Alighieri;2025-09-02;8,2;OK
2003;Palazzo Comunale – Piazza Libertà;2025-09-02;225,6;OK
2004;Palazzo Comunale – Piazza Libertà;2025-09-02;40,2;OK
2005;Biblioteca Civica;2025-09-02;88,6;OK
2006;Asilo Nido Girotondo;2025-09-02;67,3;OK
2007;Asilo Nido Girotondo;2025-09-02;7,9;OK
2008;Piscina Comunale;2025-09-02;1.180,5;OK
2009;Piscina Comunale;2025-09-02;124,9;OK
2010;Centro Sportivo Città di Lodi;2025-09-02;224,6;OK
2001;Scuola Primaria Dante Alighieri;2025-09-03;133,5;OK
2002;Scuola Primaria Dante Alighieri;2025-09-03;13,5;OK
2003;Palazzo Comunale – Piazza Libertà;2025-09-03;245,4;OK
2004;Palazzo Comunale – Piazza Libertà;2025-09-03;17,8;OK
2005;Biblioteca Civica;2025-09-03;83,9;STIMA
2006;Asilo Nido Girotondo;2025-09-03;70,8;OK
2007;Asilo Nido Girotondo;2025-09-03;16,4;OK
2008;Piscina Comunale;2025-09-03;1.188,5;OK
2009;Piscina Comunale;2025-09-03;79,2;OK
2010;Centro Sportivo Città di Lodi;2025-09-03;191,1;OK
2001;Scuola Primaria Dante Alighieri;2025-09-04;129,9;OK
2002;Scuola Primaria Dante Alighieri;2025-09-04;17,8;OK
2003;Palazzo Comunale – Piazza Libertà;2025-09-04;241,9;OK
2004;Palazzo Comunale – Piazza Libertà;2025-09-04;35,7;OK
2005;Biblioteca Civica;2025-09-04;83,4;OK
2006;Asilo Nido Girotondo;2025-09-04;62,8;OK
2007;Asilo Nido Girotondo;2025-09-04;4,1;OK
2008;Piscina Comunale;2025-09-04;1.174,3;OK
2009;Piscina Comunale;2025-09-04;52,7;OK
2010;Centro Sportivo Città di Lodi;2025-09-04;211,2;OK
2001;Scuola Primaria Dante Alighieri;2025-09-05;130,7;OK
2002;Scuola Primaria Dante Alighieri;2025-09-05;20,9;OK
2003;Palazzo Comunale – Piazza Libertà;2025-09-05;255,4;OK
2004;Palazzo Comunale – Piazza Libertà;2025-09-05;22,3;OK
2005;Biblioteca Civica;2025-09-05;89,0;OK
2006;Asilo Nido Girotondo;2025-09-05;66,0;OK
2007;Asilo Nido Girotondo;2025-09-05;9,2;OK
2008;Piscina Comunale;2025-09-05;1.098,7;OK
2009;Piscina Comunale;2025-09-05;73,0;OK
2010;Centro Sportivo Città di Lodi;2025-09-05;196,6;STIMA
2001;Scuola Primaria Dante Alighieri;2025-09-06;72,3;OK
2002;Scuola Primaria Dante Alighieri;2025-09-06;13,8;OK
2003;Palazzo Comunale – Piazza Libertà;2025-09-06;137,2;ERR
2004;Palazzo Comunale – Piazza Libertà;2025-09-06;36,6;OK
2005;Biblioteca Civica;2025-09-06;52,1;OK
2006;Asilo Nido Girotondo;2025-09-06;33,2;OK
2007;Asilo Nido Girotondo;2025-09-06;7,6;OK
2008;Piscina Comunale;2025-09-06;710,7;OK
2009;Piscina Comunale;2025-09-06;128,5;OK
2010;Centro Sportivo Città di Lodi;2025-09-06;104,9;OK
2001;Scuola Primaria Dante Alighieri;2025-09-07;60,1;OK
2002;Scuola Primaria Dante Alighieri;2025-09-07;25,4;OK
2003;Palazzo Comunale – Piazza Libertà;2025-09-07;118,6;OK
2004;Palazzo Comunale – Piazza Libertà;2025-09-07;6,1;OK
2005;Biblioteca Civica;2025-09-07;53,9;OK
2006;Asilo Nido Girotondo;2025-09-07;44,0;OK
2007;Asilo Nido Girotondo;2025-09-07;7,6;OK
2008;Piscina Comunale;2025-09-07;638,2;OK
2009;Piscina Comunale;2025-09-07;59,4;OK
2010;Centro Sportivo Città di Lodi;2025-09-07;133,6;OK
2001;Scuola Primaria Dante Alighieri;2025-09-08;139,4;OK
2002;Scuola Primaria Dante Alighieri;2025-09-08;29,5;OK
2003;Palazzo Comunale – Piazza Libertà;2025-09-08;247,5;OK
2004;Palazzo Comunale – Piazza Libertà;2025-09-08;42,8;OK
2005;Biblioteca Civica;2025-09-08;90,9;OK
2006;Asilo Nido Girotondo;2025-09-08;74,7;STIMA
2007;Asilo Nido Girotondo;2025-09-08;7,3;OK
2008;Piscina Comunale;2025-09-08;1.242,0;OK
2009;Piscina Comunale;2025-09-08;83,6;ERR
2010;Centro Sportivo Città di Lodi;2025-09-08;229,6;OK
2001;Scuola Primaria Dante Alighieri;2025-09-09;121,3;OK
2002;Scuola Primaria Dante Alighieri;2025-09-09;27,8;OK
2003;Palazzo Comunale – Piazza Libertà;2025-09-09;257,6;OK
2004;Palazzo Comunale – Piazza Libertà;2025-09-09;18,9;OK
2005;Biblioteca Civica;2025-09-09;100,2;OK
2006;Asilo Nido Girotondo;2025-09-09;68,3;OK
2007;Asilo Nido Girotondo;2025-09-09;13,2;OK
2008;Piscina Comunale;2025-09-09;1.199,3;OK
2009;Piscina Comunale;2025-09-09;79,4;OK
2010;Centro Sportivo Città di Lodi;2025-09-09;214,5;OK
2001;Scuola Primaria Dante Alighieri;2025-09-10;144,8;OK
2002;Scuola Primaria Dante Alighieri;2025-09-10;8,2;OK
2003;Palazzo Comunale – Piazza Libertà;2025-09-10;241,7;OK
2004;Palazzo Comunale – Piazza Libertà;2025-09-10;39,5;OK
2005;Biblioteca Civica;2025-09-10;89,5;ERR
2006;Asilo Nido Girotondo;2025-09-10;67,4;OK
2007;Asilo Nido Girotondo;2025-09-10;13,4;OK
2008;Piscina Comunale;2025-09-10;1.175,3;OK
2009;Piscina Comunale;2025-09-10;100,2;OK
2010;Centro Sportivo Città di Lodi;2025-09-10;201,2;OK
2001;Scuola Primaria Dante Alighieri;2025-09-11;123,7;ERR
2002;Scuola Primaria Dante Alighieri;2025-09-11;14,7;OK
2003;Palazzo Comunale – Piazza Libertà;2025-09-11;257,6;OK
2004;Palazzo Comunale – Piazza Libertà;2025-09-11;16,9;OK
2005;Biblioteca Civica;2025-09-11;96,1;OK
2006;Asilo Nido Girotondo;2025-09-11;70,4;OK
2007;Asilo Nido Girotondo;2025-09-11;21,7;STIMA
2008;Piscina Comunale;2025-09-11;1.184,7;OK
2009;Piscina Comunale;2025-09-11;132,5;OK
2010;Centro Sportivo Città di Lodi;2025-09-11;196,7;OK
2001;Scuola Primaria Dante Alighieri;2025-09-12;126,0;OK
2002;Scuola Primaria Dante Alighieri;2025-09-12;13,2;OK
2003;Palazzo Comunale – Piazza Libertà;2025-09-12;220,8;OK
2004;Palazzo Comunale – Piazza Libertà;2025-09-12;52,4;OK
2005;Biblioteca Civica;2025-09-12;84,9;OK
2006;Asilo Nido Girotondo;2025-09-12;72,4;OK
2007;Asilo Nido Girotondo;2025-09-12;12,1;OK
2008;Piscina Comunale;2025-09-12;1.123,5;OK
2009;Piscina Comunale;2025-09-12;119,4;OK
2010;Centro Sportivo Città di Lodi;2025-09-12;187,0;OK
2001;Scuola Primaria Dante Alighieri;2025-09-13;77,6;OK
2002;Scuola Primaria Dante Alighieri;2025-09-13;32,9;STIMA
2003;Palazzo Comunale – Piazza Libertà;2025-09-13;150,1;OK
2004;Palazzo Comunale – Piazza Libertà;2025-09-13;12,1;OK
2005;Biblioteca Civica;2025-09-13;43,4;OK
2006;Asilo Nido Girotondo;2025-09-13;36,6;OK
2007;Asilo Nido Girotondo;2025-09-13;12,2;OK
2008;Piscina Comunale;2025-09-13;613,3;OK
2009;Piscina Comunale;2025-09-13;77,8;OK
2010;Centro Sportivo Città di Lodi;2025-09-13;112,2;OK
2001;Scuola Primaria Dante Alighieri;2025-09-14;70,7;OK
2002;Scuola Primaria Dante Alighieri;2025-09-14;27,9;OK
2003;Palazzo Comunale – Piazza Libertà;2025-09-14;108,9;OK
2004;Palazzo Comunale – Piazza Libertà;2025-09-14;44,7;OK
2005;Biblioteca Civica;2025-09-14;55,6;OK
2006;Asilo Nido Girotondo;2025-09-14;41,1;OK
2007;Asilo Nido Girotondo;2025-09-14;18,6;OK
2008;Piscina Comunale;2025-09-14;692,6;OK
2009;Piscina Comunale;2025-09-14;81,2;OK
2010;Centro Sportivo Città di Lodi;2025-09-14;132,0;OK
2001;Scuola Primaria Dante Alighieri;2025-09-15;135,5;OK
2002;Scuola Primaria Dante Alighieri;2025-09-15;31,2;OK
2003;Palazzo Comunale – Piazza Libertà;2025-09-15;268,8;OK
2004;Palazzo Comunale – Piazza Libertà;2025-09-15;51,8;OK
2005;Biblioteca Civica;2025-09-15;91,3;STIMA
2006;Asilo Nido Girotondo;2025-09-15;73,4;OK
2007;Asilo Nido Girotondo;2025-09-15;23,4;OK
2008;Piscina Comunale;2025-09-15;1.123,2;OK
2009;Piscina Comunale;2025-09-15;101,0;OK
2010;Centro Sportivo Città di Lodi;2025-09-15;227,3;OK
2001;Scuola Primaria Dante Alighieri;2025-09-16;124,1;OK
2002;Scuola Primaria Dante Alighieri;2025-09-16;23,0;OK
2003;Palazzo Comunale – Piazza Libertà;2025-09-16;269,5;STIMA
2004;Palazzo Comunale – Piazza Libertà;2025-09-16;32,7;OK
2005;Biblioteca Civica;2025-09-16;92,1;OK
2006;Asilo Nido Girotondo;2025-09-16;71,8;OK
2007;Asilo Nido Girotondo;2025-09-16;8,2;OK
2008;Piscina Comunale;2025-09-16;1.196,9;OK
2009;Piscina Comunale;2025-09-16;108,9;OK
2010;Centro Sportivo Città di Lodi;2025-09-16;209,4;OK
2001;Scuola Primaria Dante Alighieri;2025-09-17;148,7;OK
2002;Scuola Primaria Dante Alighieri;2025-09-17;35,4;OK
2003;Palazzo Comunale – Piazza Libertà;2025-09-17;218,9;OK
2004;Palazzo Comunale – Piazza Libertà;2025-09-17;42,2;OK
2005;Biblioteca Civica;2025-09-17;95,2;OK
2006;Asilo Nido Girotondo;2025-09-17;69,9;OK
2007;Asilo Nido Girotondo;2025-09-17;16,6;OK
2008;Piscina Comunale;2025-09-17;1.107,7;OK
2009;Piscina Comunale;2025-09-17;110,5;OK
2010;Centro Sportivo Città di Lodi;2025-09-17;233,0;OK
2001;Scuola Primaria Dante Alighieri;2025-09-18;136,4;OK
2002;Scuola Primaria Dante Alighieri;2025-09-18;11,2;ERR
2003;Palazzo Comunale – Piazza Libertà;2025-09-18;254,6;OK
2004;Palazzo Comunale – Piazza Libertà;2025-09-18;52,7;OK
2005;Biblioteca Civica;2025-09-18;107,9;OK
2006;Asilo Nido Girotondo;2025-09-18;72,6;OK
2007;Asilo Nido Girotondo;2025-09-18;19,8;OK
2008;Piscina Comunale;2025-09-18;1.181,9;OK
2009;Piscina Comunale;2025-09-18;137,8;OK
2010;Centro Sportivo Città di Lodi;2025-09-18;233,0;OK
2001;Scuola Primaria Dante Alighieri;2025-09-19;140,6;OK
2002;Scuola Primaria Dante Alighieri;2025-09-19;24,9;OK
2003;Palazzo Comunale – Piazza Libertà;2025-09-19;265,5;OK
2004;Palazzo Comunale – Piazza Libertà;2025-09-19;33,7;OK
2005;Biblioteca Civica;2025-09-19;99,8;STIMA
2006;Asilo Nido Girotondo;2025-09-19;65,5;STIMA
2007;Asilo Nido Girotondo;2025-09-19;13,6;OK
2008;Piscina Comunale;2025-09-19;1.228,2;ERR
2009;Piscina Comunale;2025-09-19;111,6;OK
2010;Centro Sportivo Città di Lodi;2025-09-19;227,1;OK
2001;Scuola Primaria Dante Alighieri;2025-09-20;78,7;OK
2002;Scuola Primaria Dante Alighieri;2025-09-20;22,7;OK
2003;Palazzo Comunale – Piazza Libertà;2025-09-20;158,1;OK
2004;Palazzo Comunale – Piazza Libertà;2025-09-20;48,0;OK
2005;Biblioteca Civica;2025-09-20;56,6;OK
2006;Asilo Nido Girotondo;2025-09-20;43,2;OK
2007;Asilo Nido Girotondo;2025-09-20;19,8;ERR
2008;Piscina Comunale;2025-09-20;575,2;OK
2009;Piscina Comunale;2025-09-20;114,0;OK
2010;Centro Sportivo Città di Lodi;2025-09-20;121,9;OK
2001;Scuola Primaria Dante Alighieri;2025-09-21;64,2;OK
2002;Scuola Primaria Dante Alighieri;2025-09-21;25,1;STIMA
2003;Palazzo Comunale – Piazza Libertà;2025-09-21;111,7;OK
2004;Palazzo Comunale – Piazza Libertà;2025-09-21;47,7;OK
2005;Biblioteca Civica;2025-09-21;56,8;OK
2006;Asilo Nido Girotondo;2025-09-21;44,7;OK
2007;Asilo Nido Girotondo;2025-09-21;13,1;OK
2008;Piscina Comunale;2025-09-21;724,3;OK
2009;Piscina Comunale;2025-09-21;143,0;OK
2010;Centro Sportivo Città di Lodi;2025-09-21;141,6;OK
2001;Scuola Primaria Dante Alighieri;2025-09-22;145,8;STIMA
2002;Scuola Primaria Dante Alighieri;2025-09-22;22,3;OK
2003;Palazzo Comunale – Piazza Libertà;2025-09-22;260,8;OK
2004;Palazzo Comunale – Piazza Libertà;2025-09-22;57,3;OK
2005;Biblioteca Civica;2025-09-22;94,5;OK
2006;Asilo Nido Girotondo;2025-09-22;70,2;OK
2007;Asilo Nido Girotondo;2025-09-22;16,3;OK
2008;Piscina Comunale;2025-09-22;1.147,0;OK
2009;Piscina Comunale;2025-09-22;161,1;OK
2010;Centro Sportivo Città di Lodi;2025-09-22;235,8;OK
2001;Scuola Primaria Dante Alighieri;2025-09-23;142,6;OK
2002;Scuola Primaria Dante Alighieri;2025-09-23;21,9;OK
2003;Palazzo Comunale – Piazza Libertà;2025-09-23;264,2;OK
2004;Palazzo Comunale – Piazza Libertà;2025-09-23;48,3;OK
2005;Biblioteca Civica;2025-09-23;93,8;OK
2006;Asilo Nido Girotondo;2025-09-23;72,1;OK
2007;Asilo Nido Girotondo;2025-09-23;12,8;OK
2008;Piscina Comunale;2025-09-23;1.188,3;OK
2009;Piscina Comunale;2025-09-23;128,2;OK
2010;Centro Sportivo Città di Lodi;2025-09-23;228,8;OK
2001;Scuola Primaria Dante Alighieri;2025-09-24;128,0;OK
2002;Scuola Primaria Dante Alighieri;2025-09-24;25,3;OK
2003;Palazzo Comunale – Piazza Libertà;2025-09-24;240,7;OK
2004;Palazzo Comunale – Piazza Libertà;2025-09-24;39,7;OK
2005;Biblioteca Civica;2025-09-24;106,9;OK
2006;Asilo Nido Girotondo;2025-09-24;65,6;OK
2007;Asilo Nido Girotondo;2025-09-24;20,7;OK
2008;Piscina Comunale;2025-09-24;1.126,1;OK
2009;Piscina Comunale;2025-09-24;140,5;OK
2010;Centro Sportivo Città di Lodi;2025-09-24;207,3;OK
2001;Scuola Primaria Dante Alighieri;2025-09-25;124,2;OK
2002;Scuola Primaria Dante Alighieri;2025-09-25;27,7;OK
2003;Palazzo Comunale – Piazza Libertà;2025-09-25;235,0;OK
2004;Palazzo Comunale – Piazza Libertà;2025-09-25;47,4;OK
2005;Biblioteca Civica;2025-09-25;104,1;OK
2006;Asilo Nido Girotondo;2025-09-25;71,4;OK
2007;Asilo Nido Girotondo;2025-09-25;18,1;OK
2008;Piscina Comunale;2025-09-25;1.219,2;OK
2009;Piscina Comunale;2025-09-25;159,6;OK
2010;Centro Sportivo Città di Lodi;2025-09-25;234,5;OK
2001;Scuola Primaria Dante Alighieri;2025-09-26;151,2;STIMA
2002;Scuola Primaria Dante Alighieri;2025-09-26;26,8;ERR
2003;Palazzo Comunale – Piazza Libertà;2025-09-26;260,5;OK
2004;Palazzo Comunale – Piazza Libertà;2025-09-26;26,1;OK
2005;Biblioteca Civica;2025-09-26;95,4;OK
2006;Asilo Nido Girotondo;2025-09-26;77,8;OK
2007;Asilo Nido Girotondo;2025-09-26;17,5;ERR
2008;Piscina Comunale;2025-09-26;1.209,3;OK
2009;Piscina Comunale;2025-09-26;140,4;OK
2010;Centro Sportivo Città di Lodi;2025-09-26;231,5;OK
2001;Scuola Primaria Dante Alighieri;2025-09-27;63,7;OK
2002;Scuola Primaria Dante Alighieri;2025-09-27;41,7;OK
2003;Palazzo Comunale – Piazza Libertà;2025-09-27;156,6;OK
2004;Palazzo Comunale – Piazza Libertà;2025-09-27;51,6;OK
2005;Biblioteca Civica;2025-09-27;56,0;OK
2006;Asilo Nido Girotondo;2025-09-27;45,2;OK
2007;Asilo Nido Girotondo;2025-09-27;21,9;OK
2008;Piscina Comunale;2025-09-27;672,9;OK
2009;Piscina Comunale;2025-09-27;93,9;ERR
2010;Centro Sportivo Città di Lodi;2025-09-27;122,1;OK
2001;Scuola Primaria Dante Alighieri;2025-09-28;70,6;OK
2002;Scuola Primaria Dante Alighieri;2025-09-28;43,0;OK
2003;Palazzo Comunale – Piazza Libertà;2025-09-28;127,3;STIMA
2004;Palazzo Comunale – Piazza Libertà;2025-09-28;38,9;OK
2005;Biblioteca Civica;2025-09-28;53,5;OK
2006;Asilo Nido Girotondo;2025-09-28;38,9;OK
2007;Asilo Nido Girotondo;2025-09-28;27,2;OK
2008;Piscina Comunale;2025-09-28;721,1;OK
2009;Piscina Comunale;2025-09-28;159,7;OK
2010;Centro Sportivo Città di Lodi;2025-09-28;122,3;OK
2001;Scuola Primaria Dante Alighieri;2025-09-29;148,0;OK
2002;Scuola Primaria Dante Alighieri;2025-09-29;45,4;OK
2003;Palazzo Comunale – Piazza Libertà;2025-09-29;238,0;OK
2004;Palazzo Comunale – Piazza Libertà;2025-09-29;48,1;OK
2005;Biblioteca Civica;2025-09-29;93,1;OK
2006;Asilo Nido Girotondo;2025-09-29;68,5;STIMA
2007;Asilo Nido Girotondo;2025-09-29;19,8;OK
2008;Piscina Comunale;2025-09-29;1.249,3;OK
2009;Piscina Comunale;2025-09-29;159,8;STIMA
2010;Centro Sportivo Città di Lodi;2025-09-29;199,6;OK
2001;Scuola Primaria Dante Alighieri;2025-09-30;140,8;OK
2002;Scuola Primaria Dante Alighieri;2025-09-30;20,0;ERR
2003;Palazzo Comunale – Piazza Libertà;2025-09-30;234,3;OK
2004;Palazzo Comunale – Piazza Libertà;2025-09-30;71,7;OK
2005;Biblioteca Civica;2025-09-30;90,2;ERR
2006;Asilo Nido Girotondo;2025-09-30;71,7;OK
2007;Asilo Nido Girotondo;2025-09-30;28,2;OK
2008;Piscina Comunale;2025-09-30;1.250,6;OK
2009;Piscina Comunale;2025-09-30;166,3;STIMA
2010;Centro Sportivo Città di Lodi;2025-09-30;197,0;OK
2001;Scuola Primaria Dante Alighieri;2025-10-01;128,8;OK
2002;Scuola Primaria Dante Alighieri;2025-10-01;26,6;OK
2003;Palazzo Comunale – Piazza Libertà;2025-10-01;246,3;OK
2004;Palazzo Comunale – Piazza Libertà;2025-10-01;68,8;OK
2005;Biblioteca Civica;2025-10-01;100,8;ERR
2006;Asilo Nido Girotondo;2025-10-01;71,6;OK
2007;Asilo Nido Girotondo;2025-10-01;20,8;OK
2008;Piscina Comunale;2025-10-01;1.199,2;OK
2009;Piscina Comunale;2025-10-01;104,0;STIMA
2010;Centro Sportivo Città di Lodi;2025-10-01;225,2;OK
2001;Scuola Primaria Dante Alighieri;2025-10-02;139,6;OK
2002;Scuola Primaria Dante Alighieri;2025-10-02;40,4;OK
2003;Palazzo Comunale – Piazza Libertà;2025-10-02;243,2;OK
2004;Palazzo Comunale – Piazza Libertà;2025-10-02;70,2;OK
2005;Biblioteca Civica;2025-10-02;105,2;OK
2006;Asilo Nido Girotondo;2025-10-02;67,9;OK
2007;Asilo Nido Girotondo;2025-10-02;23,9;OK
2008;Piscina Comunale;2025-10-02;1.274,5;OK
2009;Piscina Comunale;2025-10-02;124,6;OK
2010;Centro Sportivo Città di Lodi;2025-10-02;198,3;OK
2001;Scuola Primaria Dante Alighieri;2025-10-03;153,6;OK
2002;Scuola Primaria Dante Alighieri;2025-10-03;38,2;OK
2003;Palazzo Comunale – Piazza Libertà;2025-10-03;259,7;OK
2004;Palazzo Comunale – Piazza Libertà;2025-10-03;37,9;OK
2005;Biblioteca Civica;2025-10-03;108,5;OK
2006;Asilo Nido Girotondo;2025-10-03;75,5;OK
2007;Asilo Nido Girotondo;2025-10-03;31,6;OK
2008;Piscina Comunale;2025-10-03;1.274,3;OK
2009;Piscina Comunale;2025-10-03;125,3;OK
2010;Centro Sportivo Città di Lodi;2025-10-03;206,2;OK
2001;Scuola Primaria Dante Alighieri;2025-10-04;86,9;OK
2002;Scuola Primaria Dante Alighieri;2025-10-04;34,0;OK
2003;Palazzo Comunale – Piazza Libertà;2025-10-04;143,8;OK
2004;Palazzo Comunale – Piazza Libertà;2025-10-04;44,7;OK
2005;Biblioteca Civica;2025-10-04;66,4;OK
2006;Asilo Nido Girotondo;2025-10-04;39,4;OK
2007;Asilo Nido Girotondo;2025-10-04;24,7;OK
2008;Piscina Comunale;2025-10-04;673,0;OK
2009;Piscina Comunale;2025-10-04;126,3;OK
2010;Centro Sportivo Città di Lodi;2025-10-04;140,8;OK
2001;Scuola Primaria Dante Alighieri;2025-10-05;64,5;OK
2002;Scuola Primaria Dante Alighieri;2025-10-05;30,4;OK
2003;Palazzo Comunale – Piazza Libertà;2025-10-05;128,5;OK
2004;Palazzo Comunale – Piazza Libertà;2025-10-05;42,1;OK
2005;Biblioteca Civica;2025-10-05;48,3;OK
2006;Asilo Nido Girotondo;2025-10-05;32,1;OK
2007;Asilo Nido Girotondo;2025-10-05;22,9;OK
2008;Piscina Comunale;2025-10-05;695,2;OK
2009;Piscina Comunale;2025-10-05;185,9;OK
2010;Centro Sportivo Città di Lodi;2025-10-05;125,7;OK
2001;Scuola Primaria Dante Alighieri;2025-10-06;143,7;OK
2002;Scuola Primaria Dante Alighieri;2025-10-06;26,6;OK
2003;Palazzo Comunale – Piazza Libertà;2025-10-06;262,0;OK
2004;Palazzo Comunale – Piazza Libertà;2025-10-06;73,6;OK
2005;Biblioteca Civica;2025-10-06;96,6;OK
2006;Asilo Nido Girotondo;2025-10-06;72,1;OK
2007;Asilo Nido Girotondo;2025-10-06;26,3;OK
2008;Piscina Comunale;2025-10-06;1.216,2;OK
2009;Piscina Comunale;2025-10-06;137,8;ERR
2010;Centro Sportivo Città di Lodi;2025-10-06;201,1;OK
2001;Scuola Primaria Dante Alighieri;2025-10-07;155,6;OK
2002;Scuola Primaria Dante Alighieri;2025-10-07;35,8;OK
2003;Palazzo Comunale – Piazza Libertà;2025-10-07;232,9;OK
2004;Palazzo Comunale – Piazza Libertà;2025-10-07;65,5;OK
2005;Biblioteca Civica;2025-10-07;100,3;OK
2006;Asilo Nido Girotondo;2025-10-07;73,4;OK
2007;Asilo Nido Girotondo;2025-10-07;30,3;STIMA
2008;Piscina Comunale;2025-10-07;1.177,0;OK
2009;Piscina Comunale;2025-10-07;159,2;OK
2010;Centro Sportivo Città di Lodi;2025-10-07;237,2;OK
2001;Scuola Primaria Dante Alighieri;2025-10-08;;OK
2002;Scuola Primaria Dante Alighieri;2025-10-08;43,9;OK
2003;Palazzo Comunale – Piazza Libertà;2025-10-08;259,1;OK
2004;Palazzo Comunale – Piazza Libertà;2025-10-08;42,1;STIMA
2005;Biblioteca Civica;2025-10-08;109,6;OK
2006;Asilo Nido Girotondo;2025-10-08;66,1;OK
2007;Asilo Nido Girotondo;2025-10-08;34,4;OK
2008;Piscina Comunale;2025-10-08;1.171,2;STIMA
2009;Piscina Comunale;2025-10-08;183,4;OK
2010;Centro Sportivo Città di Lodi;2025-10-08;232,6;OK
2001;Scuola Primaria Dante Alighieri;2025-10-09;151,0;OK
2002;Scuola Primaria Dante Alighieri;2025-10-09;43,4;OK
2003;Palazzo Comunale – Piazza Libertà;2025-10-09;279,0;OK
2004;Palazzo Comunale – Piazza Libertà;2025-10-09;48,5;OK
2005;Biblioteca Civica;2025-10-09;98,3;OK
2006;Asilo Nido Girotondo;2025-10-09;70,9;OK
2007;Asilo Nido Girotondo;2025-10-09;24,0;OK
2008;Piscina Comunale;2025-10-09;1.281,5;ERR
2009;Piscina Comunale;2025-10-09;141,7;ERR
2010;Centro Sportivo Città di Lodi;2025-10-09;239,6;OK
2001;Scuola Primaria Dante Alighieri;2025-10-10;155,8;OK
2002;Scuola Primaria Dante Alighieri;2025-10-10;27,3;OK
2003;Palazzo Comunale – Piazza Libertà;2025-10-10;245,5;OK
2004;Palazzo Comunale – Piazza Libertà;2025-10-10;77,5;OK
2005;Biblioteca Civica;2025-10-10;102,7;OK
2006;Asilo Nido Girotondo;2025-10-10;68,9;OK
2007;Asilo Nido Girotondo;2025-10-10;18,5;OK
2008;Piscina Comunale;2025-10-10;1.251,8;STIMA
2009;Piscina Comunale;2025-10-10;200,4;OK
2010;Centro Sportivo Città di Lodi;2025-10-10;227,4;OK
2001;Scuola Primaria Dante Alighieri;2025-10-11;70,4;OK
2002;Scuola Primaria Dante Alighieri;2025-10-11;27,9;OK
2003;Palazzo Comunale – Piazza Libertà;2025-10-11;158,2;OK
2004;Palazzo Comunale – Piazza Libertà;2025-10-11;67,8;OK
2005;Biblioteca Civica;2025-10-11;64,7;OK
2006;Asilo Nido Girotondo;2025-10-11;45,9;OK
2007;Asilo Nido Girotondo;2025-10-11;26,2;OK
2008;Piscina Comunale;2025-10-11;639,5;ERR
2009;Piscina Comunale;2025-10-11;186,1;OK
2010;Centro Sportivo Città di Lodi;2025-10-11;129,1;OK
2001;Scuola Primaria Dante Alighieri;2025-10-12;87,4;OK
2002;Scuola Primaria Dante Alighieri;2025-10-12;44,8;OK
2003;Palazzo Comunale – Piazza Libertà;2025-10-12;142,1;OK
2004;Palazzo Comunale – Piazza Libertà;2025-10-12;80,9;OK
2005;Biblioteca Civica;2025-10-12;61,3;OK
2006;Asilo Nido Girotondo;2025-10-12;38,2;OK
2007;Asilo Nido Girotondo;2025-10-12;26,2;OK
2008;Piscina Comunale;2025-10-12;610,2;STIMA
2009;Piscina Comunale;2025-10-12;146,6;OK
2010;Centro Sportivo Città di Lodi;2025-10-12;123,7;OK
2001;Scuola Primaria Dante Alighieri;2025-10-13;140,5;OK
2002;Scuola Primaria Dante Alighieri;2025-10-13;44,7;OK
2003;Palazzo Comunale – Piazza Libertà;2025-10-13;266,9;OK
2004;Palazzo Comunale – Piazza Libertà;2025-10-13;72,4;OK
2005;Biblioteca Civica;2025-10-13;108,2;OK
2006;Asilo Nido Girotondo;2025-10-13;68,2;OK
2007;Asilo Nido Girotondo;2025-10-13;29,0;OK
2008;Piscina Comunale;2025-10-13;1.246,7;OK
2009;Piscina Comunale;2025-10-13;189,3;OK
2010;Centro Sportivo Città di Lodi;2025-10-13;221,4;OK
2001;Scuola Primaria Dante Alighieri;2025-10-14;161,5;OK
2002;Scuola Primaria Dante Alighieri;2025-10-14;43,7;OK
2003;Palazzo Comunale – Piazza Libertà;2025-10-14;253,2;OK
2004;Palazzo Comunale – Piazza Libertà;2025-10-14;72,1;OK
2005;Biblioteca Civica;2025-10-14;94,2;OK
2006;Asilo Nido Girotondo;2025-10-14;66,7;OK
2007;Asilo Nido Girotondo;2025-10-14;35,6;STIMA
2008;Piscina Comunale;2025-10-14;1.161,4;OK
2009;Piscina Comunale;2025-10-14;140,0;OK
2010;Centro Sportivo Città di Lodi;2025-10-14;219,6;OK
2001;Scuola Primaria Dante Alighieri;2025-10-15;155,4;OK
2002;Scuola Primaria Dante Alighieri;2025-10-15;33,2;OK
2003;Palazzo Comunale – Piazza Libertà;2025-10-15;245,8;STIMA
2004;Palazzo Comunale – Piazza Libertà;2025-10-15;76,2;OK
2005;Biblioteca Civica;2025-10-15;103,2;OK
2006;Asilo Nido Girotondo;2025-10-15;74,6;OK
2007;Asilo Nido Girotondo;2025-10-15;34,6;OK
2008;Piscina Comunale;2025-10-15;1.223,0;OK
2009;Piscina Comunale;2025-10-15;166,8;OK
2010;Centro Sportivo Città di Lodi;2025-10-15;238,3;OK
2001;Scuola Primaria Dante Alighieri;2025-10-16;139,7;OK
2002;Scuola Primaria Dante Alighieri;2025-10-16;55,6;OK
2003;Palazzo Comunale – Piazza Libertà;2025-10-16;257,4;OK
2004;Palazzo Comunale – Piazza Libertà;2025-10-16;90,0;OK
2005;Biblioteca Civica;2025-10-16;95,8;OK
2006;Asilo Nido Girotondo;2025-10-16;71,2;OK
2007;Asilo Nido Girotondo;2025-10-16;21,2;OK
2008;Piscina Comunale;2025-10-16;1.165,4;OK
2009;Piscina Comunale;2025-10-16;212,6;OK
2010;Centro Sportivo Città di Lodi;2025-10-16;229,9;OK
2001;Scuola Primaria Dante Alighieri;2025-10-17;142,9;OK
2002;Scuola Primaria Dante Alighieri;2025-10-17;55,7;OK
2003;Palazzo Comunale – Piazza Libertà;2025-10-17;275,8;STIMA
2004;Palazzo Comunale – Piazza Libertà;2025-10-17;88,2;OK
2005;Biblioteca Civica;2025-10-17;99,4;OK
2006;Asilo Nido Girotondo;2025-10-17;71,5;OK
2007;Asilo Nido Girotondo;2025-10-17;24,1;OK
2008;Piscina Comunale;2025-10-17;1.273,1;OK
2009;Piscina Comunale;2025-10-17;214,2;OK
2010;Centro Sportivo Città di Lodi;2025-10-17;234,9;OK
2001;Scuola Primaria Dante Alighieri;2025-10-18;77,2;OK
2002;Scuola Primaria Dante Alighieri;2025-10-18;44,9;OK
2003;Palazzo Comunale – Piazza Libertà;2025-10-18;149,8;OK
2004;Palazzo Comunale – Piazza Libertà;2025-10-18;60,5;OK
2005;Biblioteca Civica;2025-10-18;47,5;OK
2006;Asilo Nido Girotondo;2025-10-18;44,5;STIMA
2007;Asilo Nido Girotondo;2025-10-18;22,7;OK
2008;Piscina Comunale;2025-10-18;647,1;OK
2009;Piscina Comunale;2025-10-18;204,8;OK
2010;Centro Sportivo Città di Lodi;2025-10-18;138,1;OK
2001;Scuola Primaria Dante Alighieri;2025-10-19;81,3;ERR
2002;Scuola Primaria Dante Alighieri;2025-10-19;50,5;OK
2003;Palazzo Comunale – Piazza Libertà;2025-10-19;147,2;OK
2004;Palazzo Comunale – Piazza Libertà;2025-10-19;64,1;OK
2005;Biblioteca Civica;2025-10-19;50,7;OK
2006;Asilo Nido Girotondo;2025-10-19;42,6;OK
2007;Asilo Nido Girotondo;2025-10-19;35,3;OK
2008;Piscina Comunale;2025-10-19;733,0;OK
2009;Piscina Comunale;2025-10-19;223,3;OK
2010;Centro Sportivo Città di Lodi;2025-10-19;125,7;OK
2001;Scuola Primaria Dante Alighieri;2025-10-20;154,3;OK
2002;Scuola Primaria Dante Alighieri;2025-10-20;38,4;OK
2003;Palazzo Comunale – Piazza Libertà;2025-10-20;254,8;OK
2004;Palazzo Comunale – Piazza Libertà;2025-10-20;88,2;OK
2005;Biblioteca Civica;2025-10-20;102,3;OK
2006;Asilo Nido Girotondo;2025-10-20;80,6;OK
2007;Asilo Nido Girotondo;2025-10-20;27,1;OK
2008;Piscina Comunale;2025-10-20;1.206,3;OK
2009;Piscina Comunale;2025-10-20;153,1;OK
2010;Centro Sportivo Città di Lodi;2025-10-20;205,6;OK
2001;Scuola Primaria Dante Alighieri;2025-10-21;152,5;OK
2002;Scuola Primaria Dante Alighieri;2025-10-21;57,4;OK
2003;Palazzo Comunale – Piazza Libertà;2025-10-21;253,8;OK
2004;Palazzo Comunale – Piazza Libertà;2025-10-21;63,7;OK
2005;Biblioteca Civica;2025-10-21;115,4;OK
2006;Asilo Nido Girotondo;2025-10-21;68,8;OK
2007;Asilo Nido Girotondo;2025-10-21;23,9;OK
2008;Piscina Comunale;2025-10-21;1.301,8;OK
2009;Piscina Comunale;2025-10-21;231,7;OK
2010;Centro Sportivo Città di Lodi;2025-10-21;232,1;OK
2001;Scuola Primaria Dante Alighieri;2025-10-22;135,1;OK
2002;Scuola Primaria Dante Alighieri;2025-10-22;44,6;OK
2003;Palazzo Comunale – Piazza Libertà;2025-10-22;268,8;OK
2004;Palazzo Comunale – Piazza Libertà;2025-10-22;83,4;OK
2005;Biblioteca Civica;2025-10-22;102,4;OK
2006;Asilo Nido Girotondo;2025-10-22;69,1;OK
2007;Asilo Nido Girotondo;2025-10-22;31,7;OK
2008;Piscina Comunale;2025-10-22;1.279,6;OK
2009;Piscina Comunale;2025-10-22;170,0;OK
2010;Centro Sportivo Città di Lodi;2025-10-22
2001;Scuola Primaria Dante Alighieri;2025-10-23;154,7;OK
2002;Scuola Primaria Dante Alighieri;2025-10-23;42,5;OK
2003;Palazzo Comunale – Piazza Libertà;2025-10-23;251,2;OK
2004;Palazzo Comunale – Piazza Libertà;2025-10-23;69,8;OK
2005;Biblioteca Civica;2025-10-23;103,9;OK
2006;Asilo Nido Girotondo;2025-10-23;72,8;OK
2007;Asilo Nido Girotondo;2025-10-23;25,2;OK
2008;Piscina Comunale;2025-10-23;1.288,6;OK
2009;Piscina Comunale;2025-10-23;212,6;OK
2010;Centro Sportivo Città di Lodi;2025-10-23;256,1;OK
2001;Scuola Primaria Dante Alighieri;2025-10-24;161,4;OK
2002;Scuola Primaria Dante Alighieri;2025-10-24;39,3;OK
2003;Palazzo Comunale – Piazza Libertà;2025-10-24;246,9;OK
2004;Palazzo Comunale – Piazza Libertà;2025-10-24;71,9;OK
2005;Biblioteca Civica;2025-10-24;103,7;OK
2006;Asilo Nido Girotondo;2025-10-24;78,8;OK
2007;Asilo Nido Girotondo;2025-10-24;40,9;OK
2008;Piscina Comunale;2025-10-24;1.261,8;OK
2009;Piscina Comunale;2025-10-24;214,3;OK
2010;Centro Sportivo Città di Lodi;2025-10-24;250,7;STIMA
2001;Scuola Primaria Dante Alighieri;2025-10-25;69,0;OK
2002;Scuola Primaria Dante Alighieri;2025-10-25;45,5;OK
2003;Palazzo Comunale – Piazza Libertà;2025-10-25;135,8;OK
2004;Palazzo Comunale – Piazza Libertà;2025-10-25;67,5;OK
2005;Biblioteca Civica;2025-10-25;61,9;OK
2006;Asilo Nido Girotondo;2025-10-25;38,6;OK
2007;Asilo Nido Girotondo;2025-10-25;41,7;OK
2008;Piscina Comunale;2025-10-25;621,6;OK
2009;Piscina Comunale;2025-10-25;164,5;OK
2010;Centro Sportivo Città di Lodi;2025-10-25;149,3;OK
2001;Scuola Primaria Dante Alighieri;2025-10-26;85,4;OK
2002;Scuola Primaria Dante Alighieri;2025-10-26;48,5;OK
2003;Palazzo Comunale – Piazza Libertà;2025-10-26;172,0;OK
2004;Palazzo Comunale – Piazza Libertà;2025-10-26;72,0;OK
2005;Biblioteca Civica;2025-10-26;52,1;OK
2006;Asilo Nido Girotondo;2025-10-26;35,0;OK
2007;Asilo Nido Girotondo;2025-10-26;31,7;OK
2008;Piscina Comunale;2025-10-26;689,2;OK
2009;Piscina Comunale;2025-10-26;244,8;OK
2010;Centro Sportivo Città di Lodi;2025-10-26;114,3;OK
2001;Scuola Primaria Dante Alighieri;2025-10-27;143,0;OK
2002;Scuola Primaria Dante Alighieri;2025-10-27;51,6;OK
2003;Palazzo Comunale – Piazza Libertà;2025-10-27;288,6;STIMA
2004;Palazzo Comunale – Piazza Libertà;2025-10-27;89,8;OK
2005;Biblioteca Civica;2025-10-27;100,3;OK
2006;Asilo Nido Girotondo;2025-10-27;79,2;OK
2007;Asilo Nido Girotondo;2025-10-27;43,3;OK
2008;Piscina Comunale;2025-10-27;1.254,7;OK
2009;Piscina Comunale;2025-10-27;170,1;OK
2010;Centro Sportivo Città di Lodi;2025-10-27;257,0;OK
2001;Scuola Primaria Dante Alighieri;2025-10-28;146,6;OK
2002;Scuola Primaria Dante Alighieri;2025-10-28;54,5;OK
2003;Palazzo Comunale – Piazza Libertà;2025-10-28;284,2;OK
2004;Palazzo Comunale – Piazza Libertà;2025-10-28;66,3;OK
2005;Biblioteca Civica;2025-10-28;102,1;OK
2006;Asilo Nido Girotondo;2025-10-28;79,8;OK
2007;Asilo Nido Girotondo;2025-10-28;27,4;OK
2008;Piscina Comunale;2025-10-28;1.337,1;OK
2009;Piscina Comunale;2025-10-28;204,5;OK
2010;Centro Sportivo Città di Lodi;2025-10-28;238,9;OK
2001;Scuola Primaria Dante Alighieri;2025-10-29;143,2;OK
2002;Scuola Primaria Dante Alighieri;2025-10-29;55,8;OK
2003;Palazzo Comunale – Piazza Libertà;2025-10-29;273,4;OK
2004;Palazzo Comunale – Piazza Libertà;2025-10-29;101,7;OK
2005;Biblioteca Civica;2025-10-29;102,0;OK
2006;Asilo Nido Girotondo;2025-10-29;80,9;OK
2007;Asilo Nido Girotondo;2025-10-29;37,1;OK
2008;Piscina Comunale;2025-10-29;1.193,4;OK
2009;Piscina Comunale;2025-10-29;174,7;OK
2010;Centro Sportivo Città di Lodi;2025-10-29;215,2;OK
2001;Scuola Primaria Dante Alighieri;2025-10-30;165,7;OK
2002;Scuola Primaria Dante Alighieri;2025-10-30;66,1;OK
2003;Palazzo Comunale – Piazza Libertà;2025-10-30;246,9;STIMA
2004;Palazzo Comunale – Piazza Libertà;2025-10-30;71,0;OK
2005;Biblioteca Civica;2025-10-30;106,0;OK
2006;Asilo Nido Girotondo;2025-10-30;70,9;OK
2007;Asilo Nido Girotondo;2025-10-30;42,4;OK
2008;Piscina Comunale;2025-10-30;1.199,6;OK
2009;Piscina Comunale;2025-10-30;184,4;OK
2010;Centro Sportivo Città di Lodi;2025-10-30;240,5;OK
2001;Scuola Primaria Dante Alighieri;2025-10-31;167,5;OK
2002;Scuola Primaria Dante Alighieri;2025-10-31;51,8;OK
2003;Palazzo Comunale – Piazza Libertà;2025-10-31;254,4;OK
2004;Palazzo Comunale – Piazza Libertà;2025-10-31;73,3;OK
2005;Biblioteca Civica;2025-10-31;113,6;OK
2006;Asilo Nido Girotondo;2025-10-31;69,4;OK
2007;Asilo Nido Girotondo;2025-10-31;31,7;OK
2008;Piscina Comunale;2025-10-31;1.288,0;OK
2009;Piscina Comunale;2025-10-31;188,2;OK
2010;Centro Sportivo Città di Lodi;2025-10-31;232,0;STIMA
2001;Scuola Primaria Dante Alighieri;2025-11-01;98,3;OK
2002;Scuola Primaria Dante Alighieri;2025-11-01;44,2;OK
2003;Palazzo Comunale – Piazza Libertà;2025-11-01;162,3;OK
2004;Palazzo Comunale – Piazza Libertà;2025-11-01;73,7;OK
2005;Biblioteca Civica;2025-11-01;64,0;OK
2006;Asilo Nido Girotondo;2025-11-01;44,1;ERR
2007;Asilo Nido Girotondo;2025-11-01;41,1;OK
2008;Piscina Comunale;2025-11-01;733,5;OK
2009;Piscina Comunale;2025-11-01;185,9;OK
2010;Centro Sportivo Città di Lodi;2025-11-01;115,5;OK
2001;Scuola Primaria Dante Alighieri;2025-11-02;75,2;OK
2002;Scuola Primaria Dante Alighieri;2025-11-02;59,4;OK
2003;Palazzo Comunale – Piazza Libertà;2025-11-02;154,2;OK
2004;Palazzo Comunale – Piazza Libertà;2025-11-02;88,4;OK
2005;Biblioteca Civica;2025-11-02;57,4;OK
2006;Asilo Nido Girotondo;2025-11-02;44,6;OK
2007;Asilo Nido Girotondo;2025-11-02;40,9;STIMA
2008;Piscina Comunale;2025-11-02;664,0;OK
2009;Piscina Comunale;2025-11-02;205,9;OK
2010;Centro Sportivo Città di Lodi;2025-11-02;108,0;OK
2001;Scuola Primaria Dante Alighieri;2025-11-03;158,3;OK
2002;Scuola Primaria Dante Alighieri;2025-11-03;63,9;OK
2003;Palazzo Comunale – Piazza Libertà;2025-11-03;273,2;OK
2004;Palazzo Comunale – Piazza Libertà;2025-11-03;104,6;OK
2005;Biblioteca Civica;2025-11-03;116,0;OK
2006;Asilo Nido Girotondo;2025-11-03;81,8;OK
2007;Asilo Nido Girotondo;2025-11-03;41,6;OK
2008;Piscina Comunale;2025-11-03;1.310,7;OK
2009;Piscina Comunale;2025-11-03;245,9;OK
2010;Centro Sportivo Città di Lodi;2025-11-03;226,0;ERR
2001;Scuola Primaria Dante Alighieri;2025-11-04;161,0;OK
2002;Scuola Primaria Dante Alighieri;2025-11-04;49,9;OK
2003;Palazzo Comunale – Piazza Libertà;2025-11-04;301,5;OK
2004;Palazzo Comunale – Piazza Libertà;2025-11-04;71,9;OK
2005;Biblioteca Civica;2025-11-04;115,2;OK
2006;Asilo Nido Girotondo;2025-11-04;73,5;OK
2007;Asilo Nido Girotondo;2025-11-04;42,5;OK
2008;Piscina Comunale;2025-11-04;1.272,9;OK
2009;Piscina Comunale;2025-11-04;198,2;OK
2010;Centro Sportivo Città di Lodi;2025-11-04;225,8;OK
2001;Scuola Primaria Dante Alighieri;2025-11-05;166,5;OK
2002;Scuola Primaria Dante Alighieri;2025-11-05;65,8;OK
2003;Palazzo Comunale – Piazza Libertà;2025-11-05;270,0;OK
2004;Palazzo Comunale – Piazza Libertà;2025-11-05;106,2;OK
2005;Biblioteca Civica;2025-11-05;122,0;OK
2006;Asilo Nido Girotondo;2025-11-05;76,2;OK
2007;Asilo Nido Girotondo;2025-11-05;34,4;OK
2008;Piscina Comunale;2025-11-05;1.296,0;OK
2009;Piscina Comunale;2025-11-05;200,3;ERR
2010;Centro Sportivo Città di Lodi;2025-11-05;251,6;OK
2001;Scuola Primaria Dante Alighieri;2025-11-06;160,0;OK
2002;Scuola Primaria Dante Alighieri;2025-11-06;66,1;OK
2003;Palazzo Comunale – Piazza Libertà;2025-11-06;258,6;ERR
2004;Palazzo Comunale – Piazza Libertà;2025-11-06;107,4;OK
2005;Biblioteca Civica;2025-11-06;116,8;OK
2006;Asilo Nido Girotondo;2025-11-06;81,5;OK
2007;Asilo Nido Girotondo;2025-11-06;47,1;OK
2008;Piscina Comunale;2025-11-06;1.226,2;OK
2009;Piscina Comunale;2025-11-06;222,3;OK
2010;Centro Sportivo Città di Lodi;2025-11-06;228,4;OK
2001;Scuola Primaria Dante Alighieri;2025-11-07;161,6;OK
2002;Scuola Primaria Dante Alighieri;2025-11-07;68,7;OK
2003;Palazzo Comunale – Piazza Libertà;2025-11-07;294,6;OK
2004;Palazzo Comunale – Piazza Libertà;2025-11-07;83,3;OK
2005;Biblioteca Civica;2025-11-07;116,3;OK
2006;Asilo Nido Girotondo;2025-11-07;74,3;OK
2007;Asilo Nido Girotondo;2025-11-07;33,1;OK
2008;Piscina Comunale;2025-11-07;1.205,5;OK
2009;Piscina Comunale;2025-11-07;273,3;OK
2010;Centro Sportivo Città di Lodi;2025-11-07;257,8;OK
2001;Scuola Primaria Dante Alighieri;2025-11-08;80,1;OK
2002;Scuola Primaria Dante Alighieri;2025-11-08;55,6;OK
2003;Palazzo Comunale – Piazza Libertà;2025-11-08;159,4;OK
2004;Palazzo Comunale – Piazza Libertà;2025-11-08;89,8;OK
2005;Biblioteca Civica;2025-11-08;70,9;ERR
2006;Asilo Nido Girotondo;2025-11-08;42,2;OK
2007;Asilo Nido Girotondo;2025-11-08;41,4;OK
2008;Piscina Comunale;2025-11-08;721,0;OK
2009;Piscina Comunale;2025-11-08;269,9;OK
2010;Centro Sportivo Città di Lodi;2025-11-08;110,2;OK
2001;Scuola Primaria Dante Alighieri;2025-11-09;96,8;OK
2002;Scuola Primaria Dante Alighieri;2025-11-09;56,4;OK
2003;Palazzo Comunale – Piazza Libertà;2025-11-09;137,1;OK
2004;Palazzo Comunale – Piazza Libertà;2025-11-09;84,7;OK
2005;Biblioteca Civica;2025-11-09;71,0;OK
2006;Asilo Nido Girotondo;2025-11-09;50,8;OK
2007;Asilo Nido Girotondo;2025-11-09;35,7;OK
2008;Piscina Comunale;2025-11-09;773,5;OK
2009;Piscina Comunale;2025-11-09;212,2;OK
2010;Centro Sportivo Città di Lodi;2025-11-09;125,3;OK
2001;Scuola Primaria Dante Alighieri;2025-11-10;166,9;OK
2002;Scuola Primaria Dante Alighieri;2025-11-10;66,4;OK
2003;Palazzo Comunale – Piazza Libertà;2025-11-10;286,5;OK
2004;Palazzo Comunale – Piazza Libertà;2025-11-10;87,1;OK
2005;Biblioteca Civica;2025-11-10;119,5;OK
2006;Asilo Nido Girotondo;2025-11-10;79,0;OK
2007;Asilo Nido Girotondo;2025-11-10;35,8;OK
2008;Piscina Comunale;2025-11-10;1.281,3;OK
2009;Piscina Comunale;2025-11-10;254,4;OK
2010;Centro Sportivo Città di Lodi;2025-11-10;250,0;OK
2001;Scuola Primaria Dante Alighieri;2025-11-11;159,2;OK
2002;Scuola Primaria Dante Alighieri;2025-11-11;57,4;OK
2003;Palazzo Comunale – Piazza Libertà;2025-11-11;304,6;OK
2004;Palazzo Comunale – Piazza Libertà;2025-11-11;109,3;OK
2005;Biblioteca Civica;2025-11-11;124,6;OK
2006;Asilo Nido Girotondo;2025-11-11;80,2;OK
2007;Asilo Nido Girotondo;2025-11-11;46,6;OK
2008;Piscina Comunale;2025-11-11;1.331,2;OK
2009;Piscina Comunale;2025-11-11;199,9;OK
2010;Centro Sportivo Città di Lodi;2025-11-11;233,9;OK
2001;Scuola Primaria Dante Alighieri;2025-11-12;168,3;OK
2002;Scuola Primaria Dante Alighieri;2025-11-12;62,6;STIMA
2003;Palazzo Comunale – Piazza Libertà;2025-11-12;288,0;OK
2004;Palazzo Comunale – Piazza Libertà;2025-11-12;98,6;OK
2005;Biblioteca Civica;2025-11-12;123,6;OK
2006;Asilo Nido Girotondo;2025-11-12;77,5;OK
2007;Asilo Nido Girotondo;2025-11-12;47,0;OK
2008;Piscina Comunale;2025-11-12;1.343,9;STIMA
2009;Piscina Comunale;2025-11-12;208,4;OK
2010;Centro Sportivo Città di Lodi;2025-11-12;220,4;OK
2001;Scuola Primaria Dante Alighieri;2025-11-13;148,2;OK
2002;Scuola Primaria Dante Alighieri;2025-11-13;77,3;OK
2003;Palazzo Comunale – Piazza Libertà;2025-11-13;298,4;OK
2004;Palazzo Comunale – Piazza Libertà;2025-11-13;118,6;OK
2005;Biblioteca Civica;2025-11-13;117,1;ERR
2006;Asilo Nido Girotondo;2025-11-13;82,2;OK
2007;Asilo Nido Girotondo;2025-11-13;38,9;OK
2008;Piscina Comunale;2025-11-13;1.357,5;STIMA
2009;Piscina Comunale;2025-11-13;246,6;STIMA
2010;Centro Sportivo Città di Lodi;2025-11-13;239,8;STIMA
2001;Scuola Primaria Dante Alighieri;2025-11-14;161,2;STIMA
2002;Scuola Primaria Dante Alighieri;2025-11-14;59,6;OK
2003;Palazzo Comunale – Piazza Libertà;2025-11-14;307,8;OK
2004;Palazzo Comunale – Piazza Libertà;2025-11-14;90,6;OK
2005;Biblioteca Civica;2025-11-14;120,5;OK
2006;Asilo Nido Girotondo;2025-11-14;71,8;OK
2007;Asilo Nido Girotondo;2025-11-14;36,3;OK
2008;Piscina Comunale;2025-11-14;1.279,3;OK
2009;Piscina Comunale;2025-11-14;237,2;OK
2010;Centro Sportivo Città di Lodi;2025-11-14;236,5;STIMA
2001;Scuola Primaria Dante Alighieri;2025-11-15;95,2;OK
2002;Scuola Primaria Dante Alighieri;2025-11-15;80,7;OK
2003;Palazzo Comunale – Piazza Libertà;2025-11-15;133,4;OK
2004;Palazzo Comunale – Piazza Libertà;2025-11-15;90,2;STIMA
2005;Biblioteca Civica;2025-11-15;69,9;OK
2006;Asilo Nido Girotondo;2025-11-15;50,9;OK
2007;Asilo Nido Girotondo;2025-11-15;49,0;OK
2008;Piscina Comunale;2025-11-15;716,2;OK
2009;Piscina Comunale;2025-11-15;256,1;OK
2010;Centro Sportivo Città di Lodi;2025-11-15;157,4;OK
2001;Scuola Primaria Dante Alighieri;2025-11-16;83,6;OK
2002;Scuola Primaria Dante Alighieri;2025-11-16;69,1;OK
2003;Palazzo Comunale – Piazza Libertà;2025-11-16;160,0;OK
2004;Palazzo Comunale – Piazza Libertà;2025-11-16;100,4;OK
2005;Biblioteca Civica;2025-11-16;53,7;OK
2006;Asilo Nido Girotondo;2025-11-16;49,0;OK
2007;Asilo Nido Girotondo;2025-11-16;39,8;OK
2008;Piscina Comunale;2025-11-16;760,6;OK
2009;Piscina Comunale;2025-11-16;282,6;OK
2010;Centro Sportivo Città di Lodi;2025-11-16;157,2;STIMA
2001;Scuola Primaria Dante Alighieri;2025-11-17;149,3;STIMA
2002;Scuola Primaria Dante Alighieri;2025-11-17;60,1;OK
2003;Palazzo Comunale – Piazza Libertà;2025-11-17;277,7;OK
2004;Palazzo Comunale – Piazza Libertà;2025-11-17;103,1;OK
2005;Biblioteca Civica;2025-11-17;123,8;OK
2006;Asilo Nido Girotondo;2025-11-17;84,0;OK
2007;Asilo Nido Girotondo;2025-11-17;40,1;OK
2008;Piscina Comunale;2025-11-17;1.339,5;OK
2009;Piscina Comunale;2025-11-17;228,0;OK
2010;Centro Sportivo Città di Lodi;2025-11-17;268,2;OK
2001;Scuola Primaria Dante Alighieri;2025-11-18;176,7;OK
2002;Scuola Primaria Dante Alighieri;2025-11-18;56,0;OK
2003;Palazzo Comunale – Piazza Libertà;2025-11-18;282,9;OK
2004;Palazzo Comunale – Piazza Libertà;2025-11-18;115,0;OK
2005;Biblioteca Civica;2025-11-18;110,0;OK
2006;Asilo Nido Girotondo;2025-11-18;87,8;OK
2007;Asilo Nido Girotondo;2025-11-18;53,2;OK
2008;Piscina Comunale;2025-11-18;1.292,2;OK
2009;Piscina Comunale;2025-11-18;217,1;OK
2010;Centro Sportivo Città di Lodi;2025-11-18;240,7;OK
2001;Scuola Primaria Dante Alighieri;2025-11-19;155,6;OK
2002;Scuola Primaria Dante Alighieri;2025-11-19;75,9;OK
2003;Palazzo Comunale – Piazza Libertà;2025-11-19;303,4;OK
2004;Palazzo Comunale – Piazza Libertà;2025-11-19;128,9;OK
2005;Biblioteca Civica;2025-11-19;126,0;OK
2006;Asilo Nido Girotondo;2025-11-19;75,2;OK
2007;Asilo Nido Girotondo;2025-11-19;55,1;OK
2008;Piscina Comunale;2025-11-19;1.250,3;OK
2009;Piscina Comunale;2025-11-19;267,4;OK
2010;Centro Sportivo Città di Lodi;2025-11-19;234,6;OK
2001;Scuola Primaria Dante Alighieri;2025-11-20;161,8;ERR
2002;Scuola Primaria Dante Alighieri;2025-11-20;59,6;OK
2003;Palazzo Comunale – Piazza Libertà;2025-11-20;287,6;OK
2004;Palazzo Comunale – Piazza Libertà;2025-11-20;103,2;OK
2005;Biblioteca Civica;2025-11-20;112,7;OK
2006;Asilo Nido Girotondo;2025-11-20;88,2;OK
2007;Asilo Nido Girotondo;2025-11-20;53,8;ERR
2008;Piscina Comunale;2025-11-20;1.377,3;OK
2009;Piscina Comunale;2025-11-20;299,8;OK
2010;Centro Sportivo Città di Lodi;2025-11-20;249,3;OK
2001;Scuola Primaria Dante Alighieri;2025-11-21;162,7;OK
2002;Scuola Primaria Dante Alighieri;2025-11-21;59,0;OK
2003;Palazzo Comunale – Piazza Libertà;2025-11-21;261,8;OK
2004;Palazzo Comunale – Piazza Libertà;2025-11-21;122,2;OK
2005;Biblioteca Civica;2025-11-21;112,8;OK
2006;Asilo Nido Girotondo;2025-11-21;80,2;OK
2007;Asilo Nido Girotondo;2025-11-21;40,1;OK
2008;Piscina Comunale;2025-11-21;1.367,9;STIMA
2009;Piscina Comunale;2025-11-21;296,3;OK
2010;Centro Sportivo Città di Lodi;2025-11-21;228,5;OK
2001;Scuola Primaria Dante Alighieri;2025-11-22;89,8;OK
2002;Scuola Primaria Dante Alighieri;2025-11-22;84,8;OK
2003;Palazzo Comunale – Piazza Libertà;2025-11-22;146,3;OK
2004;Palazzo Comunale – Piazza Libertà;2025-11-22;102,7;OK
2005;Biblioteca Civica;2025-11-22;63,4;OK
2006;Asilo Nido Girotondo;2025-11-22;46,0;OK
2007;Asilo Nido Girotondo;2025-11-22;45,8;OK
2008;Piscina Comunale;2025-11-22;784,7;OK
2009;Piscina Comunale;2025-11-22;226,0;OK
2010;Centro Sportivo Città di Lodi;2025-11-22;133,6;OK
2001;Scuola Primaria Dante Alighieri;2025-11-23;98,7;OK
2002;Scuola Primaria Dante Alighieri;2025-11-23;73,8;OK
2003;Palazzo Comunale – Piazza Libertà;2025-11-23;166,1;OK
2004;Palazzo Comunale – Piazza Libertà;2025-11-23;101,7;OK
2005;Biblioteca Civica;2025-11-23;74,2;OK
2006;Asilo Nido Girotondo;2025-11-23;44,6;OK
2007;Asilo Nido Girotondo;2025-11-23;48,1;ERR
2008;Piscina Comunale;2025-11-23;706,2;OK
2009;Piscina Comunale;2025-11-23;304,4;OK
2010;Centro Sportivo Città di Lodi;2025-11-23;160,3;ERR
2001;Scuola Primaria Dante Alighieri;2025-11-24;165,3;OK
2002;Scuola Primaria Dante Alighieri;2025-11-24;62,5;OK
2003;Palazzo Comunale – Piazza Libertà;2025-11-24;309,5;OK
2004;Palazzo Comunale – Piazza Libertà;2025-11-24;117,2;OK
2005;Biblioteca Civica;2025-11-24;119,9;OK
2006;Asilo Nido Girotondo;2025-11-24;75,6;OK
2007;Asilo Nido Girotondo;2025-11-24;48,8;STIMA
2008;Piscina Comunale;2025-11-24;1.256,4;OK
2009;Piscina Comunale;2025-11-24;293,0;OK
2010;Centro Sportivo Città di Lodi;2025-11-24;234,2;OK
2001;Scuola Primaria Dante Alighieri;2025-11-25;150,7;ERR
2002;Scuola Primaria Dante Alighieri;2025-11-25;75,3;OK
2003;Palazzo Comunale – Piazza Libertà;2025-11-25;275,9;OK
2004;Palazzo Comunale – Piazza Libertà;2025-11-25;109,3;OK
2005;Biblioteca Civica;2025-11-25;118,7;OK
2006;Asilo Nido Girotondo;2025-11-25;79,5;OK
2007;Asilo Nido Girotondo;2025-11-25;47,2;OK
2008;Piscina Comunale;2025-11-25;1.267,3;OK
2009;Piscina Comunale;2025-11-25;309,1;OK
2010;Centro Sportivo Città di Lodi;2025-11-25;242,6;OK
2001;Scuola Primaria Dante Alighieri;2025-11-26;171,7;OK
2002;Scuola Primaria Dante Alighieri;2025-11-26;82,5;OK
2003;Palazzo Comunale – Piazza Libertà;2025-11-26;300,6;ERR
2004;Palazzo Comunale – Piazza Libertà;2025-11-26;121,5;OK
2005;Biblioteca Civica;2025-11-26;115,0;OK
2006;Asilo Nido Girotondo;2025-11-26;79,2;OK
2007;Asilo Nido Girotondo;2025-11-26;42,4;OK
2008;Piscina Comunale;2025-11-26;1.370,8;OK
2009;Piscina Comunale;2025-11-26;278,3;OK
2010;Centro Sportivo Città di Lodi;2025-11-26;244,7;OK
2001;Scuola Primaria Dante Alighieri;2025-11-27;153,6;OK
2002;Scuola Primaria Dante Alighieri;2025-11-27;63,6;OK
2003;Palazzo Comunale – Piazza Libertà;2025-11-27;270,8;OK
2004;Palazzo Comunale – Piazza Libertà;2025-11-27;129,1;OK
2005;Biblioteca Civica;2025-11-27;111,5;OK
2006;Asilo Nido Girotondo;2025-11-27;80,8;OK
2007;Asilo Nido Girotondo;2025-11-27;51,5;OK
2008;Piscina Comunale;2025-11-27;1.268,4;OK
2009;Piscina Comunale;2025-11-27;278,6;OK
2010;Centro Sportivo Città di Lodi;2025-11-27;230,2;OK
2001;Scuola Primaria Dante Alighieri;2025-11-28;179,7;OK
2002;Scuola Primaria Dante Alighieri;2025-11-28;74,1;OK
2003;Palazzo Comunale – Piazza Libertà;2025-11-28;286,2;OK
2004;Palazzo Comunale – Piazza Libertà;2025-11-28;117,0;OK
2005;Biblioteca Civica;2025-11-28;121,8;OK
2006;Asilo Nido Girotondo;2025-11-28;84,5;STIMA
2007;Asilo Nido Girotondo;2025-11-28;45,2;OK
2008;Piscina Comunale;2025-11-28;1.259,4;OK
2009;Piscina Comunale;2025-11-28;288,0;OK
2010;Centro Sportivo Città di Lodi;2025-11-28;266,5;OK
2001;Scuola Primaria Dante Alighieri;2025-11-29;75,9;OK
2002;Scuola Primaria Dante Alighieri;2025-11-29;67,5;OK
2003;Palazzo Comunale – Piazza Libertà;2025-11-29;135,2;OK
2004;Palazzo Comunale – Piazza Libertà;2025-11-29;105,4;OK
2005;Biblioteca Civica;2025-11-29;71,3;OK
2006;Asilo Nido Girotondo;2025-11-29;45,5;OK
2007;Asilo Nido Girotondo;2025-11-29;58,0;OK
2008;Piscina Comunale;2025-11-29;766,2;OK
2009;Piscina Comunale;2025-11-29;317,9;OK
2010;Centro Sportivo Città di Lodi;2025-11-29;141,3;OK
2001;Scuola Primaria Dante Alighieri;2025-11-30;96,3;OK
2002;Scuola Primaria Dante Alighieri;2025-11-30;89,9;OK
2003;Palazzo Comunale – Piazza Libertà;2025-11-30;152,2;OK
2004;Palazzo Comunale – Piazza Libertà;2025-11-30;132,5;OK
2005;Biblioteca Civica;2025-11-30;67,7;OK
2006;Asilo Nido Girotondo;2025-11-30;45,8;OK
2007;Asilo Nido Girotondo;2025-11-30;52,8;OK
2008;Piscina Comunale;2025-11-30;785,2;OK
2009;Piscina Comunale;2025-11-30;245,6;OK
2010;Centro Sportivo Città di Lodi;2025-11-30;132,1;OK
2001;Scuola Primaria Dante Alighieri;2025-12-01;162,0;OK
2002;Scuola Primaria Dante Alighieri;2025-12-01;70,1;OK
2003;Palazzo Comunale – Piazza Libertà;2025-12-01;277,9;OK
2004;Palazzo Comunale – Piazza Libertà;2025-12-01;110,9;STIMA
2005;Biblioteca Civica;2025-12-01;110,5;OK
2006;Asilo Nido Girotondo;2025-12-01;76,7;OK
2007;Asilo Nido Girotondo;2025-12-01;55,5;OK
2008;Piscina Comunale;2025-12-01;1.356,6;OK
2009;Piscina Comunale;2025-12-01;286,0;OK
2010;Centro Sportivo Città di Lodi;2025-12-01;252,8;OK
2001;Scuola Primaria Dante Alighieri;2025-12-02;153,4;ERR
2002;Scuola Primaria Dante Alighieri;2025-12-02;89,5;OK
2003;Palazzo Comunale – Piazza Libertà;2025-12-02;291,2;OK
2004;Palazzo Comunale – Piazza Libertà;2025-12-02;104,4;OK
2005;Biblioteca Civica;2025-12-02;122,8;OK
2006;Asilo Nido Girotondo;2025-12-02;76,9;OK
2007;Asilo Nido Girotondo;2025-12-02;50,2;OK
2008;Piscina Comunale;2025-12-02;1.342,3;OK
2009;Piscina Comunale;2025-12-02;287,7;OK
2010;Centro Sportivo Città di Lodi;2025-12-02;271,8;OK
2001;Scuola Primaria Dante Alighieri;2025-12-03;181,0;OK
2002;Scuola Primaria Dante Alighieri;2025-12-03;70,6;OK
2003;Palazzo Comunale – Piazza Libertà;2025-12-03;279,4;OK
2004;Palazzo Comunale – Piazza Libertà;2025-12-03;133,1;OK
2005;Biblioteca Civica;2025-12-03;117,9;OK
2006;Asilo Nido Girotondo;2025-12-03;83,3;OK
2007;Asilo Nido Girotondo;2025-12-03;57,1;OK
2008;Piscina Comunale;2025-12-03;1.249,1;OK
2009;Piscina Comunale;2025-12-03;254,6;OK
2010;Centro Sportivo Città di Lodi;2025-12-03;257,0;OK
2001;Scuola Primaria Dante Alighieri;2025-12-04;171,6;OK
2002;Scuola Primaria Dante Alighieri;2025-12-04;81,4;OK
2003;Palazzo Comunale – Piazza Libertà;2025-12-04;300,9;OK
2004;Palazzo Comunale – Piazza Libertà;2025-12-04;136,5;OK
2005;Biblioteca Civica;2025-12-04;129,3;STIMA
2006;Asilo Nido Girotondo;2025-12-04;80,2;OK
2007;Asilo Nido Girotondo;2025-12-04;51,2;OK
2008;Piscina Comunale;2025-12-04;1.276,3;OK
2009;Piscina Comunale;2025-12-04;275,3;OK
2010;Centro Sportivo Città di Lodi;2025-12-04;270,3;OK
2001;Scuola Primaria Dante Alighieri;2025-12-05;170,7;OK
2002;Scuola Primaria Dante Alighieri;2025-12-05;77,4;OK
2003;Palazzo Comunale – Piazza Libertà;2025-12-05;304,7;STIMA
2004;Palazzo Comunale – Piazza Libertà;2025-12-05;141,1;OK
2005;Biblioteca Civica;2025-12-05;121,2;OK
2006;Asilo Nido Girotondo;2025-12-05;86,3;OK
2007;Asilo Nido Girotondo;2025-12-05;51,2;OK
2008;Piscina Comunale;2025-12-05;1.373,6;OK
2009;Piscina Comunale;2025-12-05;248,9;OK
2010;Centro Sportivo Città di Lodi;2025-12-05;255,0;ERR
2001;Scuola Primaria Dante Alighieri;2025-12-06;84,7;OK
2002;Scuola Primaria Dante Alighieri;2025-12-06;81,5;OK
2003;Palazzo Comunale – Piazza Libertà;2025-12-06;186,5;OK
2004;Palazzo Comunale – Piazza Libertà;2025-12-06;132,1;OK
2005;Biblioteca Civica;2025-12-06;61,8;OK
2006;Asilo Nido Girotondo;2025-12-06;43,9;OK
2007;Asilo Nido Girotondo;2025-12-06;49,8;OK
2008;Piscina Comunale;2025-12-06;706,2;OK
2009;Piscina Comunale;2025-12-06;315,7;OK
2010;Centro Sportivo Città di Lodi;2025-12-06;136,6;OK
2001;Scuola Primaria Dante Alighieri;2025-12-07;84,2;OK
2002;Scuola Primaria Dante Alighieri;2025-12-07;;OK
2003;Palazzo Comunale – Piazza Libertà;2025-12-07;175,8;OK
2004;Palazzo Comunale – Piazza Libertà;2025-12-07;144,3;OK
2005;Biblioteca Civica;2025-12-07;74,5;OK
2006;Asilo Nido Girotondo;2025-12-07;43,1;OK
2007;Asilo Nido Girotondo;2025-12-07;56,9;OK
2008;Piscina Comunale;2025-12-07;702,5;OK
2009;Piscina Comunale;2025-12-07;273,5;STIMA
2010;Centro Sportivo Città di Lodi;2025-12-07;121,0;OK
2001;Scuola Primaria Dante Alighieri;2025-12-08;160,4;OK
2002;Scuola Primaria Dante Alighieri;2025-12-08;76,0;OK
2003;Palazzo Comunale – Piazza Libertà;2025-12-08;277,5;OK
2004;Palazzo Comunale – Piazza Libertà;2025-12-08;107,0;OK
2005;Biblioteca Civica;2025-12-08;125,1;OK
2006;Asilo Nido Girotondo;2025-12-08;88,0;OK
2007;Asilo Nido Girotondo;2025-12-08;49,8;OK
2008;Piscina Comunale;2025-12-08;1.272,0;OK
2009;Piscina Comunale;2025-12-08;274,4;OK
2010;Centro Sportivo Città di Lodi;2025-12-08;235,4;OK
2001;Scuola Primaria Dante Alighieri;2025-12-09;174,6;OK
2002;Scuola Primaria Dante Alighieri;2025-12-09;84,3;OK
2003;Palazzo Comunale – Piazza Libertà;2025-12-09;305,3;OK
2004;Palazzo Comunale – Piazza Libertà;2025-12-09;119,5;OK
2005;Biblioteca Civica;2025-12-09;117,3;OK
2006;Asilo Nido Girotondo;2025-12-09;82,8;STIMA
2007;Asilo Nido Girotondo;2025-12-09;58,9;STIMA
2008;Piscina Comunale;2025-12-09;1.270,9;OK
2009;Piscina Comunale;2025-12-09;282,2;OK
2010;Centro Sportivo Città di Lodi;2025-12-09;274,1;OK
2001;Scuola Primaria Dante Alighieri;2025-12-10;166,4;OK
2002;Scuola Primaria Dante Alighieri;2025-12-10;83,7;STIMA
2003;Palazzo Comunale – Piazza Libertà;2025-12-10;313,9;OK
2004;Palazzo Comunale – Piazza Libertà;2025-12-10;132,4;OK
2005;Biblioteca Civica;2025-12-10;126,9;OK
2006;Asilo Nido Girotondo;2025-12-10;89,8;OK
2007;Asilo Nido Girotondo;2025-12-10;58,2;STIMA
2008;Piscina Comunale;2025-12-10;1.332,8;OK
2009;Piscina Comunale;2025-12-10;309,9;OK
2010;Centro Sportivo Città di Lodi;2025-12-10;265,8;OK
2001;Scuola Primaria Dante Alighieri;2025-12-11;151,8;OK
2002;Scuola Primaria Dante Alighieri;2025-12-11;90,5;OK
2003;Palazzo Comunale – Piazza Libertà;2025-12-11;299,0;OK
2004;Palazzo Comunale – Piazza Libertà;2025-12-11;145,2;OK
2005;Biblioteca Civica;2025-12-11;132,6;STIMA
2006;Asilo Nido Girotondo;2025-12-11;81,5;OK
2007;Asilo Nido Girotondo;2025-12-11;60,4;OK
2008;Piscina Comunale;2025-12-11;1.409,5;OK
2009;Piscina Comunale;2025-12-11;262,9;OK
2010;Centro Sportivo Città di Lodi;2025-12-11;269,8;OK
2001;Scuola Primaria Dante Alighieri;2025-12-12;174,5;OK
2002;Scuola Primaria Dante Alighieri;2025-12-12;95,1;OK
2003;Palazzo Comunale – Piazza Libertà;2025-12-12;317,5;OK
2004;Palazzo Comunale – Piazza Libertà;2025-12-12;122,3;OK
2005;Biblioteca Civica;2025-12-12;123,1;OK
2006;Asilo Nido Girotondo;2025-12-12;91,6;OK
2007;Asilo Nido Girotondo;2025-12-12;57,8;OK
2008;Piscina Comunale;2025-12-12;1.271,2;OK
2009;Piscina Comunale;2025-12-12;323,6;STIMA
2010;Centro Sportivo Città di Lodi;2025-12-12;278,5;OK
2001;Scuola Primaria Dante Alighieri;2025-12-13;89,6;OK
2002;Scuola Primaria Dante Alighieri;2025-12-13;92,9;STIMA
2003;Palazzo Comunale – Piazza Libertà;2025-12-13;183,7;ERR
2004;Palazzo Comunale – Piazza Libertà;2025-12-13;145,7;OK
2005;Biblioteca Civica;2025-12-13;71,8;OK
2006;Asilo Nido Girotondo;2025-12-13;53,2;OK
2007;Asilo Nido Girotondo;2025-12-13;53,4;OK
2008;Piscina Comunale;2025-12-13;726,2;OK
2009;Piscina Comunale;2025-12-13;264,2;OK
2010;Centro Sportivo Città di Lodi;2025-12-13;121,5;OK
2001;Scuola Primaria Dante Alighieri;2025-12-14;82,1;OK
2002;Scuola Primaria Dante Alighieri;2025-12-14;88,5;ERR
2003;Palazzo Comunale – Piazza Libertà;2025-12-14;188,2;OK
2004;Palazzo Comunale – Piazza Libertà;2025-12-14;113,2;OK
2005;Biblioteca Civica;2025-12-14;75,7;OK
2006;Asilo Nido Girotondo;2025-12-14;52,5;OK
2007;Asilo Nido Girotondo;2025-12-14;53,6;OK
2008;Piscina Comunale;2025-12-14;696,8;OK
2009;Piscina Comunale;2025-12-14;280,4;OK
2010;Centro Sportivo Città di Lodi;2025-12-14;146,7;OK
2001;Scuola Primaria Dante Alighieri;2025-12-15;162,2;OK
2002;Scuola Primaria Dante Alighieri;2025-12-15;77,4;OK
2003;Palazzo Comunale – Piazza Libertà;2025-12-15;305,6;STIMA
2004;Palazzo Comunale – Piazza Libertà;2025-12-15;117,0;OK
2005;Biblioteca Civica;2025-12-15;117,3;OK
2006;Asilo Nido Girotondo;2025-12-15;76,6;OK
2007;Asilo Nido Girotondo;2025-12-15;54,2;OK
2008;Piscina Comunale;2025-12-15;1.385,7;OK
2009;Piscina Comunale;2025-12-15;278,5;OK
2010;Centro Sportivo Città di Lodi;2025-12-15;265,9;OK
2001;Scuola Primaria Dante Alighieri;2025-12-16;169,8;OK
2002;Scuola Primaria Dante Alighieri;2025-12-16;82,3;STIMA
2003;Palazzo Comunale – Piazza Libertà;2025-12-16;286,6;OK
2004;Palazzo Comunale – Piazza Libertà;2025-12-16;139,0;OK
2005;Biblioteca Civica;2025-12-16;123,5;OK
2006;Asilo Nido Girotondo;2025-12-16;79,4;OK
2007;Asilo Nido Girotondo;2025-12-16;64,3;STIMA
2008;Piscina Comunale;2025-12-16;1.284,3;OK
2009;Piscina Comunale;2025-12-16;266,2;OK
2010;Centro Sportivo Città di Lodi;2025-12-16;238,9;OK
2001;Scuola Primaria Dante Alighieri;2025-12-17;178,6;OK
2002;Scuola Primaria Dante Alighieri;2025-12-17;81,3;OK
2003;Palazzo Comunale – Piazza Libertà;2025-12-17;321,7;OK
2004;Palazzo Comunale – Piazza Libertà;2025-12-17;134,2;OK
2005;Biblioteca Civica;2025-12-17;119,3;OK
2006;Asilo Nido Girotondo;2025-12-17;87,1;OK
2007;Asilo Nido Girotondo;2025-12-17;49,3;STIMA
2008;Piscina Comunale;2025-12-17;1.386,9;OK
2009;Piscina Comunale;2025-12-17;344,1;OK
2010;Centro Sportivo Città di Lodi;2025-12-17;237,8;OK
2001;Scuola Primaria Dante Alighieri;2025-12-18
2002;Scuola Primaria Dante Alighieri;2025-12-18;80,1;OK
2003;Palazzo Comunale – Piazza Libertà;2025-12-18;273,5;OK
2004;Palazzo Comunale – Piazza Libertà;2025-12-18;148,8;STIMA
2005;Biblioteca Civica;2025-12-18;125,7;OK
2006;Asilo Nido Girotondo;2025-12-18;88,1;OK
2007;Asilo Nido Girotondo;2025-12-18;51,3;OK
2008;Piscina Comunale;2025-12-18;1.360,9;OK
2009;Piscina Comunale;2025-12-18;280,7;OK
2010;Centro Sportivo Città di Lodi;2025-12-18;259,0;OK
2001;Scuola Primaria Dante Alighieri;2025-12-19;158,8;OK
2002;Scuola Primaria Dante Alighieri;2025-12-19;72,5;OK
2003;Palazzo Comunale – Piazza Libertà;2025-12-19;292,2;STIMA
2004;Palazzo Comunale – Piazza Libertà;2025-12-19;146,9;OK
2005;Biblioteca Civica;2025-12-19;113,7;OK
2006;Asilo Nido Girotondo;2025-12-19;83,6;OK
2007;Asilo Nido Girotondo;2025-12-19;61,0;OK
2008;Piscina Comunale;2025-12-19;1.274,9;STIMA
2009;Piscina Comunale;2025-12-19;308,7;OK
2010;Centro Sportivo Città di Lodi;2025-12-19;267,7;OK
2001;Scuola Primaria Dante Alighieri;2025-12-20;95,1;OK
2002;Scuola Primaria Dante Alighieri;2025-12-20;73,4;STIMA
2003;Palazzo Comunale – Piazza Libertà;2025-12-20;141,9;OK
2004;Palazzo Comunale – Piazza Libertà;2025-12-20;125,3;OK
2005;Biblioteca Civica;2025-12-20;64,3;OK
2006;Asilo Nido Girotondo;2025-12-20;49,9;OK
2007;Asilo Nido Girotondo;2025-12-20;60,6;OK
2008;Piscina Comunale;2025-12-20;781,6;OK
2009;Piscina Comunale;2025-12-20;318,9;OK
2010;Centro Sportivo Città di Lodi;2025-12-20;152,6;OK
2001;Scuola Primaria Dante Alighieri;2025-12-21;80,4;OK
2002;Scuola Primaria Dante Alighieri;2025-12-21;85,0;OK
2003;Palazzo Comunale – Piazza Libertà;2025-12-21;174,7;OK
2004;Palazzo Comunale – Piazza Libertà;2025-12-21;144,1;OK
2005;Biblioteca Civica;2025-12-21;62,4;OK
2006;Asilo Nido Girotondo;2025-12-21;48,3;ERR
2007;Asilo Nido Girotondo;2025-12-21;64,8;OK
2008;Piscina Comunale;2025-12-21;749,8;OK
2009;Piscina Comunale;2025-12-21;303,1;OK
2010;Centro Sportivo Città di Lodi;2025-12-21;167,2;OK
2001;Scuola Primaria Dante Alighieri;2025-12-22;161,0;OK
2002;Scuola Primaria Dante Alighieri;2025-12-22;98,8;OK
2003;Palazzo Comunale – Piazza Libertà;2025-12-22;283,5;STIMA
2004;Palazzo Comunale – Piazza Libertà;2025-12-22;134,4;OK
2005;Biblioteca Civica;2025-12-22;129,8;OK
2006;Asilo Nido Girotondo;2025-12-22;88,4;OK
2007;Asilo Nido Girotondo;2025-12-22;54,5;OK
2008;Piscina Comunale;2025-12-22;1.399,2;OK
2009;Piscina Comunale;2025-12-22;331,5;OK
2010;Centro Sportivo Città di Lodi;2025-12-22;264,7;OK
2001;Scuola Primaria Dante Alighieri;2025-12-23;168,6;OK
2002;Scuola Primaria Dante Alighieri;2025-12-23;91,8;STIMA
2003;Palazzo Comunale – Piazza Libertà;2025-12-23;287,0;OK
2004;Palazzo Comunale – Piazza Libertà;2025-12-23;136,6;OK
2005;Biblioteca Civica;2025-12-23;113,4;OK
2006;Asilo Nido Girotondo;2025-12-23;92,3;OK
2007;Asilo Nido Girotondo;2025-12-23;62,8;OK
2008;Piscina Comunale;2025-12-23;1.379,5;OK
2009;Piscina Comunale;2025-12-23;322,9;OK
2010;Centro Sportivo Città di Lodi;2025-12-23;272,0;OK
2001;Scuola Primaria Dante Alighieri;2025-12-24;156,5;OK
2002;Scuola Primaria Dante Alighieri;2025-12-24;85,7;OK
2003;Palazzo Comunale – Piazza Libertà;2025-12-24;277,2;OK
2004;Palazzo Comunale – Piazza Libertà;2025-12-24;154,8;OK
2005;Biblioteca Civica;2025-12-24;122,6;OK
2006;Asilo Nido Girotondo;2025-12-24;78,5;OK
2007;Asilo Nido Girotondo;2025-12-24;64,4;OK
2008;Piscina Comunale;2025-12-24;1.348,2;OK
2009;Piscina Comunale;2025-12-24;313,6;OK
2010;Centro Sportivo Città di Lodi;2025-12-24;259,7;OK
2001;Scuola Primaria Dante Alighieri;2025-12-25;184,9;OK
2002;Scuola Primaria Dante Alighieri;2025-12-25;76,8;OK
2003;Palazzo Comunale – Piazza Libertà;2025-12-25;317,4;OK
2004;Palazzo Comunale – Piazza Libertà;2025-12-25;145,5;OK
2005;Biblioteca Civica;2025-12-25;127,3;OK
2006;Asilo Nido Girotondo;2025-12-25;83,7;OK
2007;Asilo Nido Girotondo;2025-12-25;49,8;OK
2008;Piscina Comunale;2025-12-25;1.408,0;OK
2009;Piscina Comunale;2025-12-25;290,4;OK
2010;Centro Sportivo Città di Lodi;2025-12-25;255,2;OK
2001;Scuola Primaria Dante Alighieri;2025-12-26;157,9;OK
2002;Scuola Primaria Dante Alighieri;2025-12-26;81,6;OK
2003;Palazzo Comunale – Piazza Libertà;2025-12-26;312,3;OK
2004;Palazzo Comunale – Piazza Libertà;2025-12-26;142,4;OK
2005;Biblioteca Civica;2025-12-26;117,8;OK
2006;Asilo Nido Girotondo;2025-12-26;90,5;OK
2007;Asilo Nido Girotondo;2025-12-26;49,9;OK
2008;Piscina Comunale;2025-12-26;1.325,5;OK
2009;Piscina Comunale;2025-12-26;350,8;STIMA
2010;Centro Sportivo Città di Lodi;2025-12-26;270,8;OK
2001;Scuola Primaria Dante Alighieri;2025-12-27;80,1;OK
2002;Scuola Primaria Dante Alighieri;2025-12-27;77,9;OK
2003;Palazzo Comunale – Piazza Libertà;2025-12-27;148,6;OK
2004;Palazzo Comunale – Piazza Libertà;2025-12-27;132,5;OK
2005;Biblioteca Civica;2025-12-27;57,3;ERR
2006;Asilo Nido Girotondo;2025-12-27;41,1;OK
2007;Asilo Nido Girotondo;2025-12-27;54,2;OK
2008;Piscina Comunale;2025-12-27;747,7;OK
2009;Piscina Comunale;2025-12-27;330,7;OK
2010;Centro Sportivo Città di Lodi;2025-12-27;138,6;OK
2001;Scuola Primaria Dante Alighieri;2025-12-28;90,2;OK
2002;Scuola Primaria Dante Alighieri;2025-12-28;88,1;OK
2003;Palazzo Comunale – Piazza Libertà;2025-12-28;160,4;OK
2004;Palazzo Comunale – Piazza Libertà;2025-12-28;134,4;OK
2005;Biblioteca Civica;2025-12-28;70,9;OK
2006;Asilo Nido Girotondo;2025-12-28;50,2;OK
2007;Asilo Nido Girotondo;2025-12-28;60,6;OK
2008;Piscina Comunale;2025-12-28;746,7;OK
2009;Piscina Comunale;2025-12-28;287,9;OK
2010;Centro Sportivo Città di Lodi;2025-12-28;129,5;STIMA
2001;Scuola Primaria Dante Alighieri;2025-12-29;163,1;OK
2002;Scuola Primaria Dante Alighieri;2025-12-29;96,8;OK
2003;Palazzo Comunale – Piazza Libertà;2025-12-29;317,4;OK
2004;Palazzo Comunale – Piazza Libertà;2025-12-29;122,5;OK
2005;Biblioteca Civica;2025-12-29;113,8;OK
2006;Asilo Nido Girotondo;2025-12-29;87,5;OK
2007;Asilo Nido Girotondo;2025-12-29;57,4;OK
2008;Piscina Comunale;2025-12-29;1.432,0;OK
2009;Piscina Comunale;2025-12-29;350,9;OK
2010;Centro Sportivo Città di Lodi;2025-12-29;246,0;STIMA
2001;Scuola Primaria Dante Alighieri;2025-12-30;163,7;OK
2002;Scuola Primaria Dante Alighieri;2025-12-30;78,3;OK
2003;Palazzo Comunale – Piazza Libertà;2025-12-30;284,3;OK
2004;Palazzo Comunale – Piazza Libertà;2025-12-30;119,9;OK
2005;Biblioteca Civica;2025-12-30;130,8;OK
2006;Asilo Nido Girotondo;2025-12-30;88,6;OK
2007;Asilo Nido Girotondo;2025-12-30;53,4;OK
2008;Piscina Comunale;2025-12-30;1.289,2;OK
2009;Piscina Comunale;2025-12-30;340,8;OK
2010;Centro Sportivo Città di Lodi;2025-12-30;275,5;ERR
2001;Scuola Primaria Dante Alighieri;2025-12-31;166,6;OK
2002;Scuola Primaria Dante Alighieri;2025-12-31;86,8;OK
2003;Palazzo Comunale – Piazza Libertà;2025-12-31;314,5;OK
2004;Palazzo Comunale – Piazza Libertà;2025-12-31;116,7;OK
2005;Biblioteca Civica;2025-12-31;133,8;OK
2006;Asilo Nido Girotondo;2025-12-31;93,2;OK
2007;Asilo Nido Girotondo;2025-12-31;55,7;OK
2008;Piscina Comunale;2025-12-31;1.434,0;OK
2009;Piscina Comunale;2025-12-31;325,8;OK
2010;Centro Sportivo Città di Lodi;2025-12-31;261,7;OK
2007;Asilo Nido Girotondo;2025-12-29;87,2;OK
2005;Biblioteca Civica;2025-02-28;180,7;OK
2002;Scuola Primaria Dante Alighieri;2025-11-08;68,5;OK
2002;Scuola Primaria Dante Alighieri;2025-02-22;121,3;OK
2006;Asilo Nido Girotondo;2025-04-14;100,0;OK
2010;Centro Sportivo Città di Lodi;2025-05-12;305,8;OK
2005;Biblioteca Civica;2025-07-26;60,6;OK
2007;Asilo Nido Girotondo;2025-07-26;0,0;OK
2004;Palazzo Comunale – Piazza Libertà;2025-02-16;203,2;OK
2010;Centro Sportivo Città di Lodi;2025-03-22;160,2;OK
2010;Centro Sportivo Città di Lodi;2025-12-21;237,9;OK
2005;Biblioteca Civica;2025-12-07;106,4;OK
2002;Scuola Primaria Dante Alighieri;2025-06-20;0,0;OK
2010;Centro Sportivo Città di Lodi;2025-03-07;395,8;OK
2008;Piscina Comunale;2025-10-03;1.685,2;OK
2009;Piscina Comunale;2025-07-25;66,9;OK
2008;Piscina Comunale;2025-01-07;1.927,3;OK
2007;Asilo Nido Girotondo;2025-05-06;32,1;OK
2001;Scuola Primaria Dante Alighieri;2025-05-30;178,1;OK
2002;Scuola Primaria Dante Alighieri;2025-02-18;116,7;OK
2004;Palazzo Comunale – Piazza Libertà;2025-01-11;217,9;OK
2004;Palazzo Comunale – Piazza Libertà;2025-11-28;184,8;OK
2004;Palazzo Comunale – Piazza Libertà;2025-08-27;4,0;OK
2008;Piscina Comunale;2025-11-16;1.209,5;OK
2006;Asilo Nido Girotondo;2025-09-06;41,2;OK
2010;Centro Sportivo Città di Lodi;2025-09-04;336,8;OK
2005;Biblioteca Civica;2025-05-20;157,9;OK
2001;Scuola Primaria Dante Alighieri;2025-06-10;172,3;OK
2001;Scuola Primaria Dante Alighieri;2025-12-26;225,3;OK
2002;Scuola Primaria Dante Alighieri;2025-02-16;119,1;OK
